English	Foreign	Transliteration	Context
(as in "i"gloo); (as in dr"i"nk); i	а§З	i	
(as in "u"nder); (as in "u"s); uh; …Щ	а§Е	a	
come to; come	а§Ж	aa	
ee; (as in Gr"ee"k); (as in s"ee"d)	а§И	ii	
kuh; k…Щ; (as in s"ku"ll); (as in "co"me)	а§Х	k	
(as in aar"gh"); ghuh; gh…Щ	а§Ш	gh	
(as in shei"kh"); khuh; kh…Щ	а§Ц	kh	
(as in "gu"st); g…Щ; guh; (as in "gu"m)	а§Ч	g	
oo; (as in b"oo"t); (as in sh"oe")	а§К	uu	
ai; (as in l"i"ne)	а§Р	ai	
u; (as in p"u"ll)	а§Й	u	
a; (as in l"a"te)	а§П	e	
an; a; one; 1	а§Па§Х	ek	
juh; j…Щ; (as in "j"ump)	а§Ь	j	
chuh; ch…Щ; (as in "ch"uck)	а§Ъ	ch	
jhuh; jh…Щ	а§Э	jh	
chhuh; chh…Щ	а§Ы	chh	
tuh; t…Щ; (as in 't'andoor)	а§§	t	
thuh; th…Щ; (as in "th"ump)	а§•	th	
do not; n…Щ; (as in "n"one); nuh; not; no	а§®	n	
duh; d…Щ; (as in "the")	а§¶	d	
dhuh; dh…Щ; (as in "dh"arm)	а§І	dh	
au; (as in h"ow")	а§Ф	au	
o; (as in h"o"me)	а§У	o	
N…Щ; Nuh	а§£	бєЗ	
Thuh; Th…Щ	а§†	бє≠h	
Dhuh	а§Ґ	бєЫ	
Duh; (as in "d"usty); D…Щ	а§°	бєЫ	
(as in "t"ough); T…Щ; Tuh	а§Я	бє≠	
buh; b…Щ; (as in "b"un)	а§ђ	b	
puh; (as in "p"un); p…Щ; studying	а§™	p	
m…Щ; muh; (as in "m"oney)	а§Ѓ	m	
phuh; ph…Щ; (as in loo"ph"ole)	а§Ђ	ph	
bhuh; bh…Щ	а§≠	bh	
vuh; (as in "v"ulture); and; v…Щ	а§µ	v	
ruh; (as in "r"un); r…Щ	а§∞	r	
luh; (as in "l"ove); l…Щ	а§≤	l	
yuh; y…Щ; (as in "y"uck)	а§ѓ	ya	
Shuh; Sh…Щ	а§Ј	sh	
suh; (as in "s"ome); s…Щ	а§Є	s	
shuh; (as in "sh"ut); sh…Щ	а§ґ	sh	
huh; (as in "h"um); h…Щ	а§є	h	
qhuh; qh…Щ	а•Щ	qh	
(as in bu"zz"); z…Щ; zuh	а•Ы	z	
f…Щ; fuh; (as in "fu"n)	а•Ю	f	
she; her; the; that; those; it; he; she'll	а§µа§є	vah	
book	а§Ха§ња§§а§Ња§ђ	kitaab	
she; this; her; the; it; he; these	а§ѓа§є	yah	
is; am; is there; it's; want; it is; is it; 's; 're; do; does; have; isn't; has; are; there is; there's; belongs	а§єа•И	hai	
apples; the apple; apple; an apple; the apples	а§Єа•За§ђ	seb	
Ramesh	а§∞а§Ѓа•За§ґ	ramesh	
and	а§Фа§∞	aur	
woman	а§Фа§∞а§§	aurat	
man; the man; men; the men; a man	а§Жа§¶а§Ѓа•А	aadamii	
well; all right; fine; right; okay; fix; fixed	а§†а•Аа§Х	бє≠hiik	
am; have	а§єа•Ва§Б	huun	
girl	а§≤а§°а§Ља§Ха•А	laбєЫkii	
I; me	а§Ѓа•Иа§В	main	
boy	а§≤а§°а§Ља§Ха§Њ	laбєЫkaa	
account; have; eats; has; eat; an account	а§Ца§Ња§§а§Њ	khaataa	
studies; study; read; reads	а§™а§Ґа§Ља§§а§Њ	paбєЫtaa	
drinks	а§™а•Аа§§а§Њ	piitaa	
water	а§™а§Ња§®а•А	paanii	
banana	а§Ха•За§≤а§Њ	kelaa	
drink; have	а§™а•Аа§§а•А	piitii	
eat	а§Ца§Ња§§а•А	khaatii	
tea	а§Ъа§Ња§ѓ	chaaya	
studies; study; read; reads	а§™а§Ґа§Ља§§а•А	paбєЫtii	
yes	а§єа§Ња§Б	haan	
hello; hi; bye	а§®а§Ѓа§Єа•На§§а•З	namaste	
thank you; thank; thanks	а§Іа§®а•На§ѓа§µа§Ња§¶	dhanyavaad	
no	а§®а§єа•Аа§В	nahiin	
you (informal & intimate); you	а§§а•В	tuu	
who	а§Ха•Ма§®	kaun	
did; what; have; is; can; were; will; do; does; had; could; has; are; would; was; what did	а§Ха•На§ѓа§Њ	kyaa	
she; this; these; they; he; them	а§ѓа•З	ye	
is; be; are; there are; are there; it's; 's; 're; do; does; have; has; there's	а§єа•Иа§В	hain	
three	а§§а•Аа§®	tiin	
women; the women	а§Фа§∞а§§а•За§В	auraten	
she; her; the; that; those; they; him; it; he; them; they'll	а§µа•З	ve	
two	а§¶а•Л	do	
drink; drinks; have; has	а§™а•Аа§§а•З	piite	
eats; account; have; has; eat; accounts	а§Ца§Ња§§а•З	khaate	
do you; 're; do; be; are; did	а§єа•Л	ho	
we; us	а§єа§Ѓ	ham	
you	а§§а•Ба§Ѓ	tum	
the bananas; bananas; banana; the banana	а§Ха•За§≤а•З	kele	
books; the books	а§Ха§ња§§а§Ња§ђа•За§В	kitaaben	
boys; the boy; boy; the boys	а§≤а§°а§Ља§Ха•З	laбєЫke	
girls; the girls	а§≤а§°а§Ља§Ха§ња§ѓа§Ња§Б	laбєЫkiyaan	
study; read	а§™а§Ґа§Ља§§а•З	paбєЫte	
India	а§≠а§Ња§∞а§§	bhaarat	
for; in them; at; to; has; during; in; lies in; on	а§Ѓа•За§В	men	
from	а§Єа•З	se	
America	а§Еа§Ѓа•За§∞а§ња§Ха§Њ	amerikaa	
stay; live	а§∞а§єа§§а§Њ	rahataa	
stay; live; lives; stays	а§∞а§єа§§а•А	rahatii	
yours (m.); your (m.); your	а§§а•За§∞а§Њ	teraa	
she; her; hers; his; of that; its; he	а§Йа§Єа§Ха§Њ	usakaa	
name	а§®а§Ња§Ѓ	naam	
houses; the house; home; house	а§Ша§∞	ghar	
my	а§Ѓа•За§∞а§Њ	meraa	
each; every	а§єа§∞	har	
brother	а§≠а§Ња§И	bhaaii	
day; days; the day	а§¶а§ња§®	din	
go; would go; leave; goes; does	а§Ьа§Ња§§а§Њ	jaataa	
son	а§ђа•За§Яа§Њ	beбє≠aa	
school	а§Єа•На§Ха•Ва§≤	skuul	
your (f.); yours (f.); your	а§§а•За§∞а•А	terii	
go; goes to; goes; go to; attends	а§Ьа§Ња§§а•А	jaatii	
daughter	а§ђа•За§Яа•А	beбє≠ii	
she; her; hers; him; he; his; of that; its; it	а§Йа§Єа§Ха•А	usakii	
mine; I; me; my	а§Ѓа•За§∞а•А	merii	
sister	а§ђа§єа§®	bahan	
for; 's; at; about; to; of; from; in; belongs	а§Ха§Њ	kaa	
belongs; made; 's; about; to; have; of; in; parked	а§Ха•А	kii	
sons; son	а§ђа•За§Яа•З	beбє≠e	
yours; you; your (pl. obj.); your	а§§а•За§∞а•З	tere	
daughters	а§ђа•За§Яа§ња§ѓа§Ња§Б	beбє≠iyaan	
's; to; have; of; has; in; from	а§Ха•З	ke	
of mine; mine; me; my; I	а§Ѓа•За§∞а•З	mere	
sisters	а§ђа§єа§®а•За§В	bahanen	
she; her; hers; that; him; he; his; of that; its; it	а§Йа§Єа§Ха•З	usake	
her; hers; theirs; their; he; them; his; they	а§Йа§®а§Ха•А	unakii	
her; hers; they; theirs; their; his; them	а§Йа§®а§Ха§Њ	unakaa	
you	а§Жа§™	aap	
her; she; hers; they; theirs; their; his; them	а§Йа§®а§Ха•З	unake	
father	а§™а§ња§§а§Њ	pitaa	
mother; mom	а§Ѓа§Ња§Б	maan	
kid; child; baby	а§ђа§Ъа•На§Ъа§Њ	bachchaa	
kid; child; the children; the kids; children; kids; baby	а§ђа§Ъа•На§Ъа•З	bachche	
your	а§§а•Ба§Ѓа•На§єа§Ња§∞а§Њ	tumhaaraa	
went; go to	а§Ьа§Ња§§а•З	jaate	
your; yours; you	а§§а•Ба§Ѓа•На§єа§Ња§∞а•А	tumhaarii	
your; yours; you	а§§а•Ба§Ѓа•На§єа§Ња§∞а•З	tumhaare	
your; you; yours; for you	а§Жа§™а§Ха§Њ	aapakaa	
live	а§∞а§єа§§а•З	rahate	
grandmother; grandma; grandmothers	а§¶а§Ња§¶а•А	daadii	
grandfather; grandfathers; grandpa	а§¶а§Ња§¶а§Њ	daadaa	
friend	а§¶а•Ла§Єа•На§§	dost	
know; get; comes; come; arrives	а§Жа§§а§Њ	aataa	
our; us; ours; we	а§єа§Ѓа§Ња§∞а§Њ	hamaaraa	
grandmother	а§®а§Ња§®а•А	naanii	
grandfather	а§®а§Ња§®а§Њ	naanaa	
your; her; myself; themselves; himself; ourselves; oneself; their; own; herself; yourself; his; our; yourselves; its; my	а§Еа§™а§®а•З	apane	
your; her; their; own; herself; his; our; its; my	а§Еа§™а§®а•А	apanii	
your; her; himself; ourselves; their; herself; yourself; his; our; my; its; own	а§Еа§™а§®а§Њ	apanaa	
together; with	а§Єа§Ња§•	saath	
cat	а§ђа§ња§≤а•На§≤а•А	billii	
black	а§Ха§Ња§≤а•А	kaalii	
cow	а§Ча§Ња§ѓ	gaaya	
little; young; shorter; younger; short; smaller; small	а§Ыа•Ла§Яа•А	chhoбє≠ii	
old; older; big	а§ђа§°а§Ља•А	baбєЫii	
large; huge; great; old; older; elder; big; bigger; grew	а§ђа§°а§Ља§Њ	baбєЫaa	
little; young; shorter; younger; short; smaller; small	а§Ыа•Ла§Яа§Њ	chhoбє≠aa	
dog	а§Ха•Ба§§а•На§§а§Њ	kuttaa	
black	а§Ха§Ња§≤а§Њ	kaalaa	
the mouse; rat (m.); mouse (m.); mouse; rat	а§Ъа•Ва§єа§Њ	chuuhaa	
cows	а§Ча§Ња§ѓа•За§В	gaayen	
cats; the cats	а§ђа§ња§≤а•На§≤а§ња§ѓа§Ња§Б	billiyaan	
milk	а§¶а•Ва§І	duudh	
mice (m.); rat (obl. case); mouse (obl. case); rats (m.); rats; rat	а§Ъа•Ва§єа•З	chuuhe	
black	а§Ха§Ња§≤а•З	kaale	
dogs; dog; the dogs	а§Ха•Ба§§а•На§§а•З	kutte	
the grass; grass	а§Ша§Ња§Є	ghaas	
large; huge; great; old; big; bigger; larger	а§ђа§°а§Ља•З	baбєЫe	
little; young; younger; short; smaller; small	а§Ыа•Ла§Яа•З	chhoбє≠e	
elephant	а§єа§Ња§•а•А	haathii	
the horse; horse	а§Ша•Ла§°а§Ља§Њ	ghoбєЫaa	
becomes; would have; would have been	а§єа•Ла§§а§Њ	hotaa	
animals; the animals; animal; an animal; the animal	а§Ьа§Ња§®а§µа§∞	jaanavar	
are; were; would have been; would	а§єа•Ла§§а•З	hote	
is; would have; were; would have been; are; would; end	а§єа•Ла§§а•А	hotii	
fly	а§Йа§°а§Ља§§а•З	uбєЫte	
bird	а§™а§Ха•На§Ја•А	pakshii	
peacock	а§Ѓа•Ла§∞	mor	
pigeon	а§Ха§ђа•Ва§§а§∞	kabuutar	
run; runs	а§¶а•Ма§°а§Ља§§а•А	dauбєЫtii	
functions; walks; walking; moving; walk	а§Ъа§≤а§§а§Њ	chalataa	
the road	а§Єа§°а§Ља§Х	saбєЫk	
but; on; after; at; over; to	а§™а§∞	par	
table	а§Ѓа•За§Ьа§Љ	mej	
swim; swimming	а§§а•Иа§∞а§§а•З	tairate	
sitting (m.); sitting (adj.) (m.)	а§ђа•Иа§†а§Њ	baiбє≠haa	
river	а§®а§¶а•А	nadii	
standing (adj.) (m.); standing (m.); standing	а§Ца§°а§Ља§Њ	khaбєЫaa	
chair	а§Ха•Ба§∞а•На§Єа•А	kursii	
swimming	а§§а•Иа§∞ а§∞а§єа•А	tair rahii	
walking; moving	а§Ъа§≤ а§∞а§єа•А	chal rahii	
standing	а§Ца§°а§Ља•А	khaбєЫii	
coming to; coming	а§Ж а§∞а§єа•А	aa rahii	
sitting (f.); sitting (f.) (adj.)	а§ђа•Иа§†а•А	baiбє≠hii	
going to; going	а§Ьа§Њ а§∞а§єа•А	jaa rahii	
running	а§¶а•Ма§°а§Љ а§∞а§єа•А	dauбєЫ rahii	
coming; coming to	а§Ж а§∞а§єа§Њ	aa rahaa	
is going; having; walking	а§Ъа§≤ а§∞а§єа§Њ	chal rahaa	
swimming	а§§а•Иа§∞ а§∞а§єа§Њ	tair rahaa	
going to; going; leaving	а§Ьа§Њ а§∞а§єа§Њ	jaa rahaa	
today	а§Жа§Ь	aaj	
(m.) running; running	а§¶а•Ма§°а§Љ а§∞а§єа§Њ	dauбєЫ rahaa	
(pl.) sitting	а§ђа•Иа§†а•З	baiбє≠he	
coming; coming to; arriving	а§Ж а§∞а§єа•З	aa rahe	
standing	а§Ца§°а§Ља•З	khaбєЫe	
swimming	а§§а•Иа§∞ а§∞а§єа•З	tair rahe	
(pl.) walking; walking	а§Ъа§≤ а§∞а§єа•З	chal rahe	
going to; going; leaving	а§Ьа§Њ а§∞а§єа•З	jaa rahe	
(pl.) running; running	а§¶а•Ма§°а§Љ а§∞а§єа•З	dauбєЫ rahe	
playing	а§Ца•За§≤ а§∞а§єа•З	khel rahe	
see; sees; watches; watch	а§¶а•За§Ца§§а•З	dekhate	
play	а§Ца•За§≤а§§а•З	khelate	
(pl.) seeing; watching; (pl.) watching; (pl.) looking (at); looking	а§¶а•За§Ц а§∞а§єа•З	dekh rahe	
game; the game; games; play; sports; sport	а§Ца•За§≤	khel	
doing; having	а§Ха§∞ а§∞а§єа•З	kar rahe	
can; do; redo; pray	а§Ха§∞а§§а•З	karate	
near; close; nearby; has; have	а§™а§Ња§Є	paas	
work; job; chores; chore	а§Ха§Ња§Ѓ	kaam	
bad; evil	а§ђа•Ба§∞а§Њ	buraa	
many; too; very much; so; a lot of; very; much; a lot; lots	а§ђа§єа•Ба§§	bahut	
well; fine; nice; good	а§Еа§Ъа•На§Ыа§Њ	achchhaa	
what kind of; what type of; how	а§Ха•Иа§Єа§Њ	kaisaa	
long; tall; lengthy; taller	а§≤а§Ва§ђа§Њ	lanbaa	
well; fine; nice; good	а§Еа§Ъа•На§Ыа•А	achchhii	
what kind of; what type of; how	а§Ха•Иа§Єа•А	kaisii	
long; lengthy; tall; taller; a long	а§≤а§Ва§ђа•А	lanbii	
bad; evil	а§ђа•Ба§∞а•А	burii	
people; public; the people; persons; all	а§≤а•Ла§Ч	log	
how; what kind of; what type of; how did	а§Ха•Иа§Єа•З	kaise	
lengthy; tall; taller; long	а§≤а§Ва§ђа•З	lanbe	
well; fine; good; nice	а§Еа§Ъа•На§Ыа•З	achchhe	
evil (pl.); bad (pl.); bad	а§ђа•Ба§∞а•З	bure	
sad	а§¶а•Ба§Ца•А	dukhii	
handsome; beautiful; pretty; prettiest	а§Єа•Ба§Ва§¶а§∞	sundar	
young	а§Ьа§µа§Ња§®	javaan	
white	а§Єа§Ђа§Ља•За§¶	saphed	
happy	а§Ца§Ља•Ба§ґ	khush	
red	а§≤а§Ња§≤	laal	
yellow	а§™а•Аа§≤а§Њ	piilaa	
blue	а§®а•Аа§≤а§Њ	niilaa	
old	а§ђа•Ва§Ґа§Ља•З	buuбєЫe	
thin; slim	а§™а§§а§≤а•З	patale	
green	а§єа§∞а§Њ	haraa	
fat	а§Ѓа•Ла§Яа•З	moбє≠e	
orange	а§Єа§Ва§§а§∞а§Њ	santaraa	
fruits; fruit	а§Ђа§≤	phal	
food; eating; the food; lunch; meal; to have; dinner; to eat; eat; supper	а§Ца§Ња§®а§Њ	khaanaa	
potato	а§Жа§≤а•В	aaluu	
alcohol (f.); liquor	а§ґа§∞а§Ња§ђ	sharaab	
tomatoes; the tomato; tomato; the tomatoes	а§Яа§Ѓа§Ња§Яа§∞	бє≠amaaбє≠ar	
egg	а§Еа§Ва§°а§Њ	anбєЫaa	
mangoes; normal; a mango; mango; ordinary; common; mangos	а§Жа§Ѓ	aam	
rice	а§Ъа§Ња§µа§≤	chaaval	
want; need; wants; needs; must; should; do want	а§Ъа§Ња§єа§ња§П	chaahie	
(to) you; you	а§§а•Ба§Эа•З	tujhe	
I; me; I'm; I am	а§Ѓа•Ба§Эа•З	mujhe	
lemon; the lemon; lemons; the lemons	а§®а•Аа§Ва§ђа•В	niinbuu	
carrot	а§Ча§Ња§Ьа§∞	gaajar	
salad	а§Єа§≤а§Ња§¶	salaad	
like; enjoys; loves; prefer; likes; love; enjoy; you'll	а§™а§Єа§Ва§¶	pasand	
fish	а§Ѓа§Ыа§≤а•А	machhalii	
eating	а§Ца§Њ а§∞а§єа•З	khaa rahe	
snacks; snack; breakfast; the snacks	а§®а§Ња§ґа•На§§а§Њ	naashtaa	
vegetables; the vegetables	а§Єа§ђа•На§Ьа§Ља§ња§ѓа§Ња§Б	sabjiyaan	
vegetables; vegetable	а§Єа§ђа•На§Ьа§Ља•А	sabjii	
she; her; that; him; it; he	а§Йа§Єа•З	use	
she; her; they; him; to them; them; he	а§Йа§®а•На§єа•За§В	unhen	
cold; cooling; cool; cooler	а§†а§Ва§°а§Њ	бє≠hanбєЫaa	
drinking; having	а§™а•А а§∞а§єа•З	pii rahe	
give	а§¶а•За§§а•З	dete	
you; you'll	а§§а•Ба§Ѓа•На§єа•За§В	tumhen	
hot	а§Ча§∞а§Ѓ	garam	
take	а§≤а•За§§а•З	lete	
we; us	а§єа§Ѓа•За§В	hamen	
you	а§Жа§™а§Ха•Л	aapako	
at; on; to; in	а§Ха•Л	ko	
seven	а§Єа§Ња§§	saat	
eight	а§Жа§†	aaбє≠h	
five	а§™а§Ња§Ба§Ъ	paanch	
six	а§Ыа§є	chhah	
four	а§Ъа§Ња§∞	chaar	
hundred	а§Єа•М	sau	
thousand	а§єа§Ьа§Ља§Ња§∞	hajaar	
ten	а§¶а§Є	das	
nine	а§®а•М	nau	
many; several	а§Ха§И	kaii	
half; a half; one half	а§Жа§Іа§Њ	aadhaa	
how many; how much; so; such; how	а§Ха§ња§§а§®а•А	kitanii	
how much; so; how	а§Ха§ња§§а§®а§Њ	kitanaa	
something; a few; a little; few; anything; some	а§Ха•Ба§Ы	kuchh	
how many; so; such; how much	а§Ха§ња§§а§®а•З	kitane	
fourth	а§Ъа•Ма§•а§Њ	chauthaa	
third	а§§а•Аа§Єа§∞а§Њ	tiisaraa	
other; the second; another; second; 2nd	а§¶а•Ва§Єа§∞а§Њ	duusaraa	
first; the first; st; 1st	а§™а§єа§≤а§Њ	pahalaa	
fifth	а§™а§Ња§Ба§Ъа§µа§Њ	paanchavaa	
money; the money	а§™а•Иа§Єа•З	paise	
rupee	а§∞а•Ба§™а§ѓа§Њ	rupayaa	
little; a bit; a little; some	а§•а•Ла§°а§Ља§Њ	thoбєЫaa	
why	а§Ха•На§ѓа•Ла§В	kyon	
or	а§ѓа§Њ	yaa	
that	а§Йа§Є	us	
this	а§За§Є	is	
room; the room	а§Ха§Ѓа§∞а§Њ	kamaraa	
car	а§Ча§Ња§°а§Ља•А	gaaбєЫii	
rooms; the room; room; the rooms	а§Ха§Ѓа§∞а•З	kamare	
cars	а§Ча§Ња§°а§Ља§ња§ѓа§Ња§Б	gaaбєЫiyaan	
open; opened	а§Ца•Ба§≤а§Њ	khulaa	
turn off; switch off; close; closed; closing	а§ђа§Ва§¶	band	
doors; door; the doors	а§¶а§∞а§µа§Ња§Ьа§Ља•З	daravaaje	
window	а§Ца§ња§°а§Ља§Ха•А	khiбєЫkii	
windows; the windows	а§Ца§ња§°а§Ља§Ха§ња§ѓа§Ња§Б	khiбєЫkiyaan	
door	а§¶а§∞а§µа§Ња§Ьа§Ља§Њ	daravaajaa	
new; the new	а§®а§ѓа§Њ	nayaa	
sleep	а§Єа•Ла§§а§Њ	sotaa	
sleeping	а§Єа•Л а§∞а§єа§Њ	so rahaa	
old; the old	а§™а•Ба§∞а§Ња§®а§Њ	puraanaa	
bed	а§ђа§ња§Єа•На§§а§∞	bistar	
ground; floor; the floor; the ground; land	а§Ьа§Ља§Ѓа•Аа§®	jmiin	
cheap	а§Єа§Єа•На§§а§Њ	sastaa	
expensive	а§Ѓа§єа§Ба§Ча§Њ	mahangaa	
wall	а§¶а•Аа§µа§Ња§∞	diivaar	
walls; the walls	а§¶а•Аа§µа§Ња§∞а•За§В	diivaaren	
the house; house; houses; home	а§Ѓа§Ха§Ња§®	makaan	
roof; terrace; the roof	а§Ыа§§	chhat	
come to; come	а§Жа§У	aao	
drink	а§™а§ња§ѓа•Л	piyo	
opinions; do not; don't; not	а§Ѓа§§	mat	
go; leave; go to; to	а§Ьа§Ња§У	jaao	
have; eat	а§Ца§Ња§У	khaao	
play!; play	а§Ца•За§≤а•Л	khelo	
tell	а§ђа§§а§Ња§У	bataao	
read; study	а§™а§Ґа§Ља•Л	paбєЫo	
do; make	а§Ха§∞а•Л	karo	
sit	а§ђа•Иа§†а•Л	baiбє≠ho	
take; breathe	а§≤а•Л	lo	
speak; tell; say	а§ђа•Ла§≤а•Л	bolo	
look; see; watch; look at	а§¶а•За§Ца•Л	dekho	
me; than me; with me; to me; from me	а§Ѓа•Ба§Эа§Єа•З	mujhase	
her; to her; with her; him; with him; to it; than him; to him; from him; it	а§Йа§Єа§Єа•З	usase	
nose	а§®а§Ња§Х	naak	
hands; arm; hand; arms	а§єа§Ња§•	haath	
ear	а§Ха§Ња§®	kaan	
leg; foot; feet; legs	а§™а•Иа§∞	pair	
head; heads; his head	а§Єа§ња§∞	sir	
mouth	а§Ѓа•Ба§Ба§є	munh	
hair	а§ђа§Ња§≤	baal	
stomachache; pain; stomachaches; paining; hurting; pains; the pain; toothache	а§¶а§∞а•На§¶	dard	
thumb	а§Еа§Ба§Ча•Ва§†а§Њ	anguuбє≠haa	
hands; his hands	а§єа§Ња§•а•Ла§В	haathon	
finger	а§Йа§Ба§Ча§≤а•А	ungalii	
feet; legs	а§™а•Иа§∞а•Ла§В	pairon	
thumb; thumbs	а§Еа§Ба§Ча•Ва§†а•З	anguuбє≠he	
fingers; toes	а§Йа§Ба§Ча§≤а§ња§ѓа§Ња§Б	ungaliyaan	
eye	а§Жа§Ба§Ц	aankh	
heart	а§¶а§ња§≤	dil	
teeth.; teeth	а§¶а§Ња§Ба§§а•Ла§В	daanton	
teeth; tooth	а§¶а§Ња§Ба§§	daant	
colour; paints; the colour; the colours; paint; colours	а§∞а§Ва§Ч	rang	
healthy	а§Єа•На§µа§Єа•На§•	svasth	
ill; sick; unwell	а§ђа•Аа§Ѓа§Ња§∞	biimaar	
fever	а§ђа•Ба§Ца§Ња§∞	bukhaar	
medicine	а§¶а§µа§Ња§И	davaaii	
city	а§ґа§єа§∞	shahar	
there	а§µа§єа§Ња§Б	vahaan	
village	а§Ча§Ња§Ба§µ	gaanv	
which	а§Ха•Ма§®а§Єа§Њ	kaunasaa	
Delhi	а§¶а§ња§≤а•На§≤а•А	dillii	
place; site; room; space; area; spot	а§Ьа§Ча§є	jagah	
street; lane	а§Ча§≤а•А	galii	
here	а§ѓа§єа§Ња§Б	yahaan	
what; which	а§Ха•Ма§®а§Єа•А	kaunasii	
where; where did	а§Ха§єа§Ња§Б	kahaan	
far	а§¶а•Ва§∞	duur	
on top of; upstairs; up; on; over; above; top	а§Ка§™а§∞	uupar	
in front of; ahead; front; ahead of; further	а§Жа§Ча•З	aage	
behind; after; back	а§™а•Аа§Ыа•З	piichhe	
inside	а§Еа§Ва§¶а§∞	andar	
outside	а§ђа§Ња§єа§∞	baahar	
at; o'clock	а§ђа§Ьа•З	baje	
half past two; two and a half	а§Ґа§Ња§И	бєЫaaii	
half past one; at half-past one; one and a half	а§°а•За§Ґа§Љ	бєЫeбєЫ	
time	а§Єа§Ѓа§ѓ	samaya	
half past; thirty	а§Єа§Ња§Ґа§Ља•З	saaбєЫe	
quarter to	а§™а•Ма§®а•З	paune	
one fourth; quarter past; quarter	а§Єа§µа§Њ	savaa	
minute; minutes	а§Ѓа§ња§®а§Я	minaбє≠	
hour; hours	а§Ша§Ва§Яа•З	ghanбє≠e	
bell; hour; hours	а§Ша§Ва§Яа§Њ	ghanбє≠aa	
wakes up	а§Ьа§Ња§Ча§§а§Њ	jaagataa	
night	а§∞а§Ња§§	raat	
morning	а§Єа•Ба§ђа§є	subah	
evening	а§ґа§Ња§Ѓ	shaam	
afternoon	а§¶а•Ла§™а§єа§∞	dopahar	
ever; sometime	а§Ха§≠а•А	kabhii	
now; anymore	а§Еа§ђ	ab	
when; when did	а§Ха§ђ	kab	
always	а§єа§Ѓа•За§ґа§Њ	hameshaa	
sometimes	а§Ха§≠а•А а§Ха§≠а•А	kabhii kabhii	
write; writes	а§≤а§ња§Ца§§а§Њ	likhataa	
poem; a poem; poetry	а§Ха§µа§ња§§а§Њ	kavitaa	
writers; writer; authors	а§≤а•За§Ца§Х	lekhak	
letter; the letter; letters; postcard; a letter	а§Ъа§ња§Яа•На§†а•А	chiбє≠бє≠hii	
story	а§Ха§єа§Ња§®а•А	kahaanii	
sells	а§ђа•За§Ъа§§а§Њ	bechataa	
buy; buys	а§Ца§Ља§∞а•Аа§¶а§§а•А	khriidatii	
teaches; teach	а§™а§Ґа§Ља§Ња§§а§Њ	paбєЫaataa	
the shop; shop; store; the store	а§¶а•Ба§Ха§Ња§®	dukaan	
teacher	а§ґа§ња§Ха•На§Ја§Х	shikshak	
to ask; ask	а§™а•Ва§Ыа§®а§Њ	puuchhanaa	
question	а§Єа§µа§Ња§≤	savaal	
answer	а§Ьа§µа§Ња§ђ	javaab	
difficulty; hard; difficult	а§Ѓа•Ба§ґа•На§Ха§ња§≤	mushkil	
easy	а§Жа§Єа§Ња§®	aasaan	
makes; make; build; creating	а§ђа§®а§Ња§§а•З	banaate	
hardwork	а§Ѓа•За§єа§®а§§	mehanat	
wrong; incorrect	а§Ча§Ља§≤а§§	glat	
paper; newspapers; newspaper	а§Еа§Ца§Ља§ђа§Ња§∞	akhbaar	
right; correct; fine	а§Єа§єа•А	sahii	
better; better than	а§ђа•За§єа§§а§∞	behatar	
more; very; much; better	а§Ьа§Ља•На§ѓа§Ња§¶а§Њ	jyaadaa	
you; of you; with you; than you	а§§а•Ба§Ѓа§Єа•З	tumase	
dances; dance	а§®а§Ња§Ъа§§а§Њ	naachataa	
sings; sing	а§Ча§Ња§§а•А	gaatii	
sharp; fast; loud	а§§а•За§Ьа§Љ	tej	
slow; slowly; slower	а§Іа•Аа§∞а•З	dhiire	
little; lower; fewer; few; less; small; low	а§Ха§Ѓ	kam	
you; of you; than you; from you	а§Жа§™а§Єа•З	aapase	
them; from them; than them; with them; her; him; of them	а§Йа§®а§Єа•З	unase	
you; than you	а§§а•Ба§Эа§Єа•З	tujhase	
writing	а§≤а§ња§Ц а§∞а§єа•А	likh rahii	
too; as well; also; still	а§≠а•А	bhii	
relax; rest; relaxation; relaxed	а§Жа§∞а§Ња§Ѓ	aaraam	
most; the most; lowest	а§Єа§ђа§Єа•З	sabase	
will go; will go to	а§Ьа§Ња§ѓа•За§Ча•А	jaayegii	
tomorrow; yesterday	а§Ха§≤	kal	
will go; will go to	а§Ьа§Ња§ѓа•За§Ча§Њ	jaayegaa	
come; will come	а§Жа§ѓа•За§Ча•А	aayegii	
will come	а§Жа§ѓа•За§Ча§Њ	aayegaa	
go; will go	а§Ьа§Ња§Ка§Ба§Ча•А	jaauungii	
come; will come	а§Жа§Уа§Ча•А	aaogii	
will come; come; come to	а§Жа§Ка§Ба§Ча§Њ	aauungaa	
go; will go; go to; you'll	а§Ьа§Ња§Уа§Ча•З	jaaoge	
the day after tomorrow; the day before yesterday	а§™а§∞а§Єа•Ла§В	parason	
will eat; eat	а§Ца§Ња§Ка§Ба§Ча§Њ	khaauungaa	
will drink; drink	а§™а§ња§Ка§Ба§Ча§Њ	piuungaa	
eat; will eat	а§Ца§Ња§ѓа•За§Ча§Њ	khaayegaa	
will drink; drink	а§™а§ња§ѓа•За§Ча§Њ	piyegaa	
will go	а§Ьа§Ња§ѓа•За§Ва§Ча•А	jaayengii	
will go	а§Ьа§Ња§ѓа•За§Ва§Ча•З	jaayenge	
(f. pl.) will come; (f. formal) will come	а§Жа§ѓа•За§Ва§Ча•А	aayengii	
will come; come to	а§Жа§ѓа•За§Ва§Ча•З	aayenge	
will; will do	а§Ха§∞а•Ва§Ба§Ча§Њ	karuungaa	
will do; will; he'll; it'll	а§Ха§∞а•За§Ча§Њ	karegaa	
will study; will read	а§™а§Ґа§Ља•За§Ча§Њ	paбєЫegaa	
will study; will read; study	а§™а§Ґа§Ља•Ва§Ба§Ча§Њ	paбєЫuungaa	
later; after	а§ђа§Ња§¶	baad	
will look	а§¶а•За§Ца•Ва§Ба§Ча§Њ	dekhuungaa	
will sleep	а§Єа•Ла§Ка§Ба§Ча§Њ	souungaa	
will play	а§Ца•За§≤а•За§Ча§Њ	khelegaa	
will give	а§¶а•Ва§Ба§Ча§Њ	duungaa	
will take; like	а§≤а•Ва§Ба§Ча§Њ	luungaa	
will give; he'll	а§¶а•За§Ча§Њ	degaa	
will have; take; like	а§≤а•За§Ча§Њ	legaa	
month; the month	а§Ѓа§єа•Аа§®а§Њ	mahiinaa	
February	а§Ђа§Ља§∞а§µа§∞а•А	phravarii	
year	а§Єа§Ња§≤	saal	
January	а§Ьа§®а§µа§∞а•А	janavarii	
March	а§Ѓа§Ња§∞а•На§Ъ	maarch	
week; weeks	а§єа§Ђа§Ља•На§§а§Њ	haphtaa	
Tuesday	а§Ѓа§Ва§Ча§≤а§µа§Ња§∞	mangalavaar	
Wednesday	а§ђа•Ба§Іа§µа§Ња§∞	budhavaar	
Thursday	а§Ча•Ба§∞а•Ба§µа§Ња§∞	guruvaar	
April	а§Еа§™а•На§∞а•Иа§≤	aprail	
Monday	а§Єа•Ла§Ѓа§µа§Ња§∞	somavaar	
next; the next	а§Еа§Ча§≤а•З	agale	
May	а§Ѓа§И	maii	
June	а§Ьа•Ва§®	juun	
July	а§Ьа•Ба§≤а§Ња§И	julaaii	
Saturday	а§ґа§®а§ња§µа§Ња§∞	shanivaar	
Friday	а§ґа•Ба§Ха•На§∞а§µа§Ња§∞	shukravaar	
September	а§Єа§ња§§а§Ва§ђа§∞	sitanbar	
October	а§Еа§Ха•На§Яа•Ва§ђа§∞	akбє≠uubar	
November	а§®а§µа§Ва§ђа§∞	navanbar	
Sunday	а§∞а§µа§ња§µа§Ња§∞	ravivaar	
December	а§¶а§ња§Єа§Ва§ђа§∞	disanbar	
August	а§Еа§Ча§Єа•На§§	agast	
weather; season; seasons; climate; the weather	а§Ѓа•Ма§Єа§Ѓ	mausam	
hot; heat; summer	а§Ча§∞а•На§Ѓа•А	garmii	
winters; winter; colds	а§Єа§∞а•На§¶а•А	sardii	
winter; cold	а§†а§Ва§°	бє≠hanбєЫ	
feel; feels	а§≤а§Ча§§а•А	lagatii	
wears; wear	а§™а§єа§®а§§а§Њ	pahanataa	
shoe	а§Ьа•Ва§§а§Њ	juutaa	
umbrella	а§Ыа§Ња§§а§Њ	chhaataa	
socks; sock	а§Ьа•Ба§∞а§Ња§ђ	juraab	
clothes; the clothes	а§Ха§™а§°а§Ља•З	kapaбєЫe	
wear	а§™а§єа§®а•Л	pahano	
pants; trousers; the pants	а§™а§§а§≤а•Ва§®	pataluun	
shirt; shirts	а§Ха§Ља§Ѓа•Аа§Ьа§Љ	kmiij	
aunt	а§Ъа§Ња§Ъа•А	chaachii	
uncle	а§Ъа§Ња§Ъа§Њ	chaachaa	
siblings; the siblings	а§≠а§Ња§И-а§ђа§єа§®	bhaaii-bahan	
family	а§™а§∞а§ња§µа§Ња§∞	parivaar	
parents	а§Ѓа§Ња§§а§Њ-а§™а§ња§§а§Њ	maataa-pitaa	
love	а§™а•На§ѓа§Ња§∞	pyaar	
uncle (mother's brother); uncle	а§Ѓа§Ња§Ѓа§Њ	maamaa	
aunt; (mother's brother's wife)	а§Ѓа§Ња§Ѓа•А	maamii	
wife	а§™а§§а•На§®а•А	patnii	
husband	а§™а§§а§њ	pati	
uncle	а§Ѓа•Ма§Єа§Њ	mausaa	
the relation; relation; relationship; relation between	а§∞а§ња§ґа•На§§а§Њ	rishtaa	
aunt	а§Ѓа•Ма§Єа•А	mausii	
relative	а§∞а§ња§ґа•На§§а•За§¶а§Ња§∞	rishtedaar	
uncle	а§Ђа•Ва§Ђа§Њ	phuuphaa	
neighbour; neighbor; neighbors; neighbours	а§™а§°а§Ља•Ла§Єа•А	paбєЫosii	
aunt (father's sister); aunt	а§ђа•Ба§Ж	buaa	
dessert; sweet; sweeter	а§Ѓа•Аа§†а§Њ	miiбє≠haa	
salty	а§®а§Ѓа§Ха•Аа§®	namakiin	
Chinese; the sugar; sugar	а§Ъа•Аа§®а•А	chiinii	
oil	а§§а•За§≤	tel	
salt; the salt	а§®а§Ѓа§Х	namak	
spoons of; spoons; the spoon; spoon of; teaspoon; spoon; the spoons; teaspoons	а§Ъа§Ѓа•На§Ѓа§Ъ	chammach	
glass; glass of; glasses; the glasses; glasses of	а§Ча§ња§≤а§Ња§Є	gilaas	
knife	а§Ъа§Ња§Ха•В	chaakuu	
bottle	а§ђа•Ла§§а§≤	botal	
thirsty	а§™а•На§ѓа§Ња§Єа§Њ	pyaasaa	
hungry	а§≠а•Ва§Ца§Њ	bhuukhaa	
vegetarian	а§ґа§Ња§Ха§Ња§єа§Ња§∞а•А	shaakaahaarii	
non-vegetarian	а§Ѓа§Ња§Ба§Єа§Ња§єа§Ња§∞а•А	maansaahaarii	
had; were; there were; was; did	а§•а•Аа§В	thiin	
used to; there was; want; were; it was; did; had; have; was; belonged	а§•а•А	thii	
did; had; used to; were; there were; was; have	а§•а•З	the	
there was; did; had; have; was there; was; belonged	а§•а§Њ	thaa	
earlier; previously; ago; first; before; 1st	а§™а§єа§≤а•З	pahale	
plant	а§™а•Ма§Іа§Њ	paudhaa	
leaf	а§™а§§а•На§§а§Њ	pattaa	
fragrance	а§Ца§Ља•Ба§ґа§ђа•В	khushabuu	
tree	а§™а•За§°а§Љ	peбєЫ	
flower	а§Ђа•Ва§≤	phuul	
star	а§§а§Ња§∞а§Њ	taaraa	
sun; the sun	а§Єа•Ва§∞а§Ь	suuraj	
moon	а§Ъа§Ња§Ба§¶	chaand	
sky	а§Жа§Єа§Ѓа§Ња§®	aasamaan	
fire	а§Жа§Ч	aag	
lake; pond	а§§а§Ња§≤а§Ња§ђ	taalaab	
cloud	а§ђа§Ња§¶а§≤	baadal	
air; wind; breeze; the air	а§єа§µа§Њ	havaa	
cry; cries	а§∞а•Ла§§а•А	rotii	
laughing	а§єа§Ба§Є а§∞а§єа§Њ	hans rahaa	
crying	а§∞а•Л а§∞а§єа•А	ro rahii	
laugh; laughs	а§єа§Ба§Єа§§а§Њ	hansataa	
speaking with; talk; matter; thing; speak	а§ђа§Ња§§	baat	
listens; hears; hear; listen; listens to	а§Єа•Ба§®а§§а§Њ	sunataa	
saying	а§Ха§є а§∞а§єа•З	kah rahe	
say; says	а§Ха§єа§§а•З	kahate	
listen; hear; listen to	а§Єа•Ба§®а•Л	suno	
ki; that; (as in "ki"ll)	а§Ха§њ	ki	
talking; speaking; telling	а§ђа•Ла§≤ а§∞а§єа•З	bol rahe	
speak; talks; talk; say; says; speaks	а§ђа•Ла§≤а§§а•З	bolate	
any; nobody; someone; anybody	а§Ха•Ла§И	koii	
Hindi	а§єа§ња§Ва§¶а•А	hindii	
English	а§Еа§Ба§Ча•На§∞а•За§Ьа§Ља•А	angrejii	
the song; song; singing	а§Ча§Ња§®а§Њ	gaanaa	
knows; knew; known; know	а§Ьа§Ња§®а§§а•З	jaanate	
both of; both; both of them; the two; them	а§¶а•Ла§®а•Ла§В	donon	
where; whom; who; what; which	а§Ха§ња§Є	kis	
all; everybody; everything; everyone; all of	а§Єа§ђ	sab	
so	а§За§Єа§≤а§ња§ѓа•З	isaliye	
but	а§≤а•За§Ха§ња§®	lekin	
because	а§Ха•На§ѓа•Ла§Ва§Ха§њ	kyonki	
might; maybe; probably; perhaps	а§ґа§Ња§ѓа§¶	shaayad	
then; so; if	а§§а•Л	to	
if	а§Еа§Ча§∞	agar	
someone; somebody; at any price; either	а§Ха§ња§Єа•А	kisii	
need to get; to go to; to go; go; leave; known; to get to; to	а§Ьа§Ња§®а§Њ	jaanaa	
come to; come; to come	а§Жа§®а§Њ	aanaa	
to meet; meet	а§Ѓа§ња§≤а§®а§Њ	milanaa	
want; have to do; to do; do; to; have; to do it; redo; respecting	а§Ха§∞а§®а§Њ	karanaa	
study; read; to study; to read; do read	а§™а§Ґа§Ља§®а§Њ	paбєЫnaa	
playing; to play; play	а§Ца•За§≤а§®а§Њ	khelanaa	
sleep; to sleep; sleeping; gold; the gold; have to sleep	а§Єа•Ла§®а§Њ	sonaa	
drink; to drink; drinking; have; to have	а§™а•Аа§®а§Њ	piinaa	
want; likes	а§Ъа§Ња§єа§§а§Њ	chaahataa	
like; want; likes	а§Ъа§Ња§єа§§а•З	chaahate	
want	а§Ъа§Ња§єа§§а•А	chaahatii	
study; studying; read	а§™а§Ґа§Љ	paбєЫ	
can; may	а§Єа§Ха§§а•А	sakatii	
sing	а§Ча§Њ	gaa	
can; could	а§Єа§Ха§§а§Њ	sakataa	
sleep; slept	а§Єа•Л	so	
go to; go; leave; get to	а§Ьа§Њ	jaa	
talk; speak	а§ђа•Ла§≤	bol	
fly; flown	а§Йа§°а§Љ	uбєЫ	
could; can	а§Єа§Ха§§а•З	sakate	
swim	а§§а•Иа§∞	tair	
food; eating; the food; lunch; meal; have; dinner; to eat; eat; dinners; supper	а§Ца§Ња§®а•З	khaane	
to meet; meet; see	а§Ѓа§ња§≤а§®а•З	milane	
study; to study; read; to read	а§™а§Ґа§Ља§®а•З	paбєЫne	
sleep; gold; to sleep; sleeping	а§Єа•Ла§®а•З	sone	
playing; to play; play	а§Ца•За§≤а§®а•З	khelane	
came (f.); arrived (f.); come	а§Жа§ѓа•А	aayii	
went to; left; went; gone	а§Ча§ѓа§Њ	gayaa	
come; arrived; came	а§Жа§ѓа§Њ	aayaa	
came; come	а§Жа§ѓа•З	aaye	
did go; go; gone; went	а§Ча§ѓа•А	gayii	
go; gone; went	а§Ча§ѓа•З	gaye	
did; has; have	а§®а•З	ne	
drink; drank; did drink	а§™а§ња§ѓа§Њ	piyaa	
eat; have; ate; had; did eat	а§Ца§Ња§ѓа§Њ	khaayaa	
did drink; drink; have; drank	а§™а•А	pii	
ate; eat	а§Ца§Ња§ѓа•З	khaaye	
written; write; wrote; spelled	а§≤а§ња§Ца§Њ	likhaa	
played; did play	а§Ца•За§≤а§Њ	khelaa	
read; studied	а§™а§Ґа§Ља§Њ	paбєЫaa	
saw; looked; watched; see; looked at; look; watch; noticed	а§¶а•За§Ца§Њ	dekhaa	