English	Context	Foreign	Transliteration	Tip	Sources	Debug
and	lexeme	賵	uu	-	Duo	-
uniform; costume	lexeme	夭賷	zii	-	Duo	-
visited	lexeme	夭丕乇	zaar	-	Duo	-
watering	lexeme	乇賷	rii	-	Duo	-
rhode	lexeme	乇賵丿	ruud	-	Duo	-
role; floor; turn; decks	lexeme	丿賵乇	duur	-	Duo	-
See	lexeme	乇賻	ra	-	Duo	-
and	lexeme	賵賻	wa	-	Duo	-
with; Of	lexeme	匕賵	dhuu	-	Duo	-
jack	lexeme	噩丕賰	jaak	-	Duo	-
George; George is	lexeme	噩賵乇噩	juurj	-	Duo	-
Rawad; Rawad is	lexeme	乇賻賵丕丿	rawaad	-	Duo	-
Bob; Bob is; pop	lexeme	亘賵亘	buub	-	Duo	-
Judy; Judy is	lexeme	噩賵丿賷	juudii	-	Duo	-
Rosa; Rosa is	lexeme	乇賵夭丕	ruuzaa	-	Duo	-
Carrie; Carrie is	lexeme	賰賻乇賷	karii	-	Duo	-
cup; mug	lexeme	賰賵亘	kuub	-	Duo	-
wi	lexeme	賵丕賷	waaii	-	Duo	-
Korea	lexeme	賰賵乇賷丕	kuuriiaa	-	Duo	-
Peru	lexeme	亘賷乇賵	biiruu	-	Duo	-
Cuba	lexeme	賰賵亘丕	kuubaa	-	Duo	-
Juba	lexeme	噩賵亘丕	juubaa	-	Duo	-
Dakar	lexeme	丿丕賰丕乇	daakaar	-	Duo	-
Baku	lexeme	亘丕賰賵	baakuu	-	Duo	-
Riga	lexeme	乇賷噩丕	riijaa	-	Duo	-
cakes	lexeme	賰賷賰	kiik	-	Duo	-
neighbor; a neighbor	lexeme	噩丕乇	jaar	-	Duo	-
husband; a husband	lexeme	夭賻賵噩	zauuj	-	Duo	-
amazing; excellent; perfect	lexeme	賲購賲鬲丕夭	mumtaaz	-	Duo	-
crown	lexeme	鬲丕噩	taaj	-	Duo	-
house; home; a house	lexeme	亘賻賷鬲	baiit	-	Duo	-
garage	lexeme	賰賻乇丕噩	karaaj	-	Duo	-
new	lexeme	噩賻丿賷丿	jadiid	-	Duo	-
jacket	lexeme	噩丕賰賷鬲	jaakiit	-	Duo	-
big	lexeme	賰賻亘賷乇	kabiir	-	Duo	-
door	lexeme	亘丕亘	baab	-	Duo	-
selling	lexeme	亘賷毓	bii3	-	Duo	-
cold	lexeme	亘丕乇賽丿	baarid	-	Duo	-
generous	lexeme	賰賻乇賷賲	kariim	-	Duo	-
chicken	lexeme	丿賻噩丕噩	dajaaj	-	Duo	-
normal; casual; ordinary; regular; plain	lexeme	毓丕丿賷	3aadii	-	Duo	-
fish	lexeme	爻賻賲賻賰	samak	-	Duo	-
good	lexeme	噩賻賷賾賽丿	jaiiid	-	Duo	-
entertaining; fun; interesting	lexeme	賲購賲鬲賽毓	mumti3	-	Duo	-
doctor; physician; a doctor	lexeme	丿購賰鬲賵乇	duktuur	-	Duo	-
Zayd; Zayd is	lexeme	夭賻賷丿	zaiid	-	Duo	-
translator; interpreter; a translator	lexeme	賲購鬲賻乇噩賽賲	mutarjim	-	Duo	-
happy; delighted; nice	lexeme	爻賻毓賷丿	sa3iid	-	Duo	-
Sam; toxic; Sam is; poisonous	lexeme	爻丕賲	saam	-	Duo	-
Duo; Duo is	lexeme	丿購賵賵	duuuu	-	Duo	-
country; a country	lexeme	亘賻賱賻丿	balad	-	Duo	-
neither; do not; no; isn't; does not; not; n't	lexeme	賱丕	laa	-	Duo	-
no; without	lexeme	亘賽賱丕	bilaa	-	Duo	-
cheese	lexeme	噩購亘賳	jubn	-	Duo	-
fast	lexeme	爻賻乇賷毓	sarii3	-	Duo	-
David is; David; Dawood is; Dawood; Daud; Daud is	lexeme	丿賻賵賵丿	dauuuud	-	Duo	-
Omar; Omar is	lexeme	毓購賲賻乇	3umar	-	Duo	-
smart	lexeme	匕賻賰賽賷賾	dhakii	-	Duo	-
Arab	lexeme	毓賻乇賻亘賽賷賾	3arabii	-	Duo	-
Tamer; Tamer is	lexeme	鬲丕賲賽乇	taamir	-	Duo	-
father	lexeme	兀賻亘	2aab	-	Duo	-
or	lexeme	兀賵	2auu	-	Duo	-
the first; first	lexeme	兀賵賱	2auul	-	Duo	-
c; cd; c.	lexeme	爻賷	sii	-	Duo	-
America	lexeme	兀賻賲乇賷賰丕	2aamriikaa	-	Duo	-
Syria	lexeme	爻賵乇賷丕	suuriiaa	-	Duo	-
Lebanon	lexeme	賱購亘賳丕賳	lubnaan	-	Duo	-
Tunisia	lexeme	鬲賵賳賽爻	tuunis	-	Duo	-
than; of; from; to	lexeme	賲賽賳	min	-	Duo	-
I	lexeme	兀賻賳丕	2aanaa	-	Duo	-
Oman	lexeme	毓購賲丕賳	3umaan	-	Duo	-
American	lexeme	兀賻賲乇賷賰賽賷賾	2aamriikii	-	Duo	-
Lebanese	lexeme	賱購亘賳丕賳賽賷賾	lubnaanii	-	Duo	-
Shadi; Shadi is	lexeme	卮丕丿賷	shaadii	-	Duo	-
Syrian	lexeme	爻賵乇賽賷賾	suurii	-	Duo	-
Omani	lexeme	毓購賲丕賳賽賷賾	3umaanii	-	Duo	-
Tunisian	lexeme	鬲賵賳賽爻賽賷賾	tuunisii	-	Duo	-
Seth; Seth is	lexeme	爻賷孬	siith	-	Duo	-
Omar has; at Omar's house	lexeme	毓賽賳賿丿 毓購賲賻乇	3ind 3umar	-	Duo	-
have; has; at	lexeme	毓賽賳賿丿	3ind	-	Duo	-
beautiful; pretty; nice	lexeme	噩賻賲賷賱	jamiil	-	Duo	-
Judy has	lexeme	毓賽賳賿丿 噩賵丿賷	3ind juudii	-	Duo	-
Shadi has	lexeme	毓賽賳賿丿 卮丕丿賷	3ind shaadii	-	Duo	-
George has	lexeme	毓賽賳賿丿 噩賵乇賿噩	3ind juurj	-	Duo	-
Rosa has	lexeme	毓賽賳賿丿 乇賵夭丕	3ind ruuzaa	-	Duo	-
bad	lexeme	爻賵亍	suu2	-	Duo	-
a thing; thing; anything; something	lexeme	卮賻賷賿亍	shaii2	-	Duo	-
evening	lexeme	賲賻爻丕亍	masaa2	-	Duo	-
English	lexeme	廿賽賳賿噩賽賱賷夭賽賷賾	2iinjiliizii	-	Duo	-
Scottish	lexeme	廿賽爻賿賰購鬲賿賱賻賳賿丿賽賷賾	2iiskutlandii	-	Duo	-
England	lexeme	廿賽賳賿噩賽賱賿鬲賽乇丕	2iinjiltiraa	-	Duo	-
Holland	lexeme	賴賵賱賻賳賿丿丕	huulandaa	-	Duo	-
Scotland	lexeme	廿賽爻賿賰購鬲賿賱賻賳賿丿丕	2iiskutlandaa	-	Duo	-
Canada	lexeme	賰賻賳賻丿丕	kanadaa	-	Duo	-
Canadian	lexeme	賰賻賳賻丿賽賷賾	kanadii	-	Duo	-
sold	lexeme	亘丕毓	baa3	-	Duo	-
Farid	lexeme	賮賻乇賷丿	fariid	-	Duo	-
hey; oh; yay	lexeme	賷丕	iiaa	-	Duo	-
excuse me; you're welcome	lexeme	毓賻賮賿賵丕賸	3afwaaan	-	Duo	-
absolutely; totally	lexeme	鬲賻賲丕賲丕賸	tamaamaaan	-	Duo	-
Maha	lexeme	賲賻賴丕	mahaa	-	Duo	-
hello	lexeme	兀賻賴賿賱丕賸	2aahlaaan	-	Duo	-
thank you	lexeme	卮購賰賿乇丕賸	shukraaan	-	Duo	-
where	lexeme	兀賻賷賿賳	2aaiin	-	Duo	-
Australia	lexeme	兀購爻賿鬲購乇丕賱賿賷丕	2austuraaliiaa	-	Duo	-
France	lexeme	賮賻乇賻賳賿爻丕	faransaa	-	Duo	-
you; you are	lexeme	兀賻賳賿鬲賻	2aanta	-	Duo	-
Germany	lexeme	兀賻賱賿賲丕賳賿賷丕	2aalmaaniiaa	-	Duo	-
you; you are	lexeme	兀賻賳賿鬲賽	2aanti	-	Duo	-
gentlemen	lexeme	爻丕丿丞	saadt	-	Duo	-
screen; display	lexeme	卮丕卮丞	shaasht	-	Duo	-
biography	lexeme	爻賷乇丞	siirt	-	Duo	-
a woman; woman	lexeme	丕賽賲賿乇賻兀丞	aaimra2at	-	Duo	-
man; a man	lexeme	乇賻噩購賱	rajul	-	Duo	-
daughter; a girl	lexeme	亘賽賳賿鬲	bint	-	Duo	-
Arab; Arabic	lexeme	毓賻乇賻亘賽賷賾丞	3arabiit	-	Duo	-
boy; a boy; child	lexeme	賵賻賱賻丿	walad	-	Duo	-
smart; clever	lexeme	匕賻賰賽賷賾丞	dhakiit	-	Duo	-
American	lexeme	兀賻賲賿乇賷賰賽賷賾丞	2aamriikiit	-	Duo	-
amazing	lexeme	賲購賲賿鬲丕夭丞	mumtaazt	-	Duo	-
professor; teacher; a professor	lexeme	兀購爻賿鬲丕匕	2austaadh	-	Duo	-
Rania; Rania is	lexeme	乇丕賳賿賷丕	raaniiaa	-	Duo	-
Samia; Samia is	lexeme	爻丕賲賿賷丞	saamiit	-	Duo	-
doctor; a doctor	lexeme	丿購賰賿鬲賵乇丞	duktuurt	-	Duo	-
Mike; Mike is	lexeme	賲丕賷賿賰	maaiik	-	Duo	-
a professor; professor; as a professor	lexeme	兀購爻賿鬲丕匕丞	2austaadht	-	Duo	-
good	lexeme	噩賻賷賾賽丿丞	jaiiidt	-	Duo	-
Ali; Ali is	lexeme	毓賻賱賷	3alii	-	Duo	-
Bashir; Bashir is	lexeme	亘賻卮賷乇	bashiir	-	Duo	-
Tunisian	lexeme	鬲賵賳賽爻賽賷賾丞	tuunisiit	-	Duo	-
Syrian	lexeme	爻賵乇賽賷賾丞	suuriit	-	Duo	-
a translator; translator; as a translator	lexeme	賲購鬲賻乇賿噩賽賲丞	mutarjimt	-	Duo	-
fast	lexeme	爻賻乇賷毓丞	sarii3t	-	Duo	-
teacher; a teacher; as a teacher	lexeme	賲購毓賻賱賾賽賲丞	mu3alimt	-	Duo	-
weird	lexeme	睾賻乇賷亘丞	ghariibt	-	Duo	-
very	lexeme	噩賽丿賾丕賸	jidaaan	-	Duo	-
teacher; professor; a teacher	lexeme	賲購毓賻賱賾賽賲	mu3alim	-	Duo	-
hungry	lexeme	噩賻賵賿毓丕賳	jauu3aan	-	Duo	-
weird	lexeme	睾賻乇賷亘	ghariib	-	Duo	-
hungry	lexeme	噩賻賵賿毓丕賳丞	jauu3aant	-	Duo	-
Dutch	lexeme	賴賵賱賻賳賿丿賽賷賾	huulandii	-	Duo	-
Amsterdam	lexeme	兀賻賲賿爻賿鬲賽乇賿丿丕賲	2aamstirdaam	-	Duo	-
Paris	lexeme	亘丕乇賷爻	baariis	-	Duo	-
French	lexeme	賮賻乇賻賳賿爻賽賷賾	faransii	-	Duo	-
she	lexeme	賴賽賷賾賻	hiia	-	Duo	-
he	lexeme	賴購賵賾賻	hwa	-	Duo	-
French	lexeme	賮賻乇賻賳賿爻賽賷賾丞	faransiit	-	Duo	-
Lama; Lama is	lexeme	賱賻賲賶	lamaa/	-	Duo	-
is; do; does; are; would; did	lexeme	賴賻賱	hal	-	Duo	-
engineer	lexeme	賲購賴賻賳賿丿賽爻	muhandis	-	Duo	-
Ghassan; Ghassan is	lexeme	睾賻爻賾丕賳	ghasaan	-	Duo	-
engineer; an engineer; as an engineer	lexeme	賲購賴賻賳賿丿賽爻丞	muhandist	-	Duo	-
Arwa; Arwa is	lexeme	兀賻乇賿賵賶	2aaruuaa/	-	Duo	-
new	lexeme	噩賻丿賷丿丞	jadiidt	-	Duo	-
queen	lexeme	賲賻賱賽賰丞	malikt	-	Duo	-
city	lexeme	賲賻丿賷賳丞	madiint	-	Duo	-
roomy; spacious; loose	lexeme	賵丕爻賽毓丞	waasi3t	-	Duo	-
older; big; old	lexeme	賰賻亘賷乇丞	kabiirt	-	Duo	-
university	lexeme	噩丕賲賽毓丞	jaami3t	-	Duo	-
room	lexeme	睾購乇賿賮丞	ghurft	-	Duo	-
car	lexeme	爻賻賷賾丕乇丞	saiiaart	-	Duo	-
language; a language	lexeme	賱購睾丞	lught	-	Duo	-
important	lexeme	賲購賴賽賲賾丞	muhimt	-	Duo	-
building; a building	lexeme	亘賽賳丕賷丞	binaaiit	-	Duo	-
easy	lexeme	爻賻賴賿賱	sahl	-	Duo	-
easy; simple	lexeme	爻賻賴賿賱丞	sahlt	-	Duo	-
important	lexeme	賲購賴賽賲賾	muhim	-	Duo	-
sea	lexeme	亘賻丨賿乇	baHr	-	Duo	-
Al-Azhar	lexeme	丕賻賱賿兀賻夭賿賴賻乇	aaal2aazhar	-	Duo	-
New York	lexeme	賳賿賷賵賷賵乇賿賰	niiwiiuurk	-	Duo	-
crowded	lexeme	賲購夭賿丿賻丨賽賲丞	muzdaHimt	-	Duo	-
Islamic	lexeme	廿賽爻賿賱丕賲賽賷賾丞	2iislaamiit	-	Duo	-
famous; known	lexeme	賲賻卮賿賴賵乇丞	mashhuurt	-	Duo	-
Berlin	lexeme	亘賻乇賿賱賷賳	barliin	-	Duo	-
Harvard	lexeme	賴丕乇賿賮丕乇賿丿	haarfaard	-	Duo	-
Beirut	lexeme	亘賻賷賿乇賵鬲	baiiruut	-	Duo	-
Moroccan	lexeme	賲賻睾賿乇賽亘賽賷賾	maghribii	-	Duo	-
Jordanian	lexeme	兀購乇賿丿購賳賽賷賾	2aurdunii	-	Duo	-
Moroccan	lexeme	賲賻睾賿乇賽亘賽賷賾丞	maghribiit	-	Duo	-
with; into; me; at; on; about; to; of; during; in; fi	lexeme	賮賷	fii	-	Duo	-
Jordanian	lexeme	兀購乇賿丿購賳賽賷賾丞	2aurduniit	-	Duo	-
Reem	lexeme	乇賷賲	riim	-	Duo	-
under	lexeme	鬲賻丨賿鬲	taHt	-	Duo	-
the engineer	lexeme	丕賻賱賿賲購賴賻賳賿丿賽爻丞	aaalmuhandist	-	Duo	-
the garage	lexeme	丕賻賱賿賰賻乇丕噩	aaalkaraaj	-	Duo	-
the translator	lexeme	丕賻賱賿賲購鬲賻乇賿噩賽賲	aaalmutarjim	-	Duo	-
the home; the house; house	lexeme	丕賻賱賿亘賻賷賿鬲	aaalbaiit	-	Duo	-
the teacher	lexeme	丕賻賱賿賲購毓賻賱賾賽賲	aaalmu3alim	-	Duo	-
the door	lexeme	丕賻賱賿亘丕亘	aaalbaab	-	Duo	-
the teacher	lexeme	丕賻賱賿賲購毓賻賱賾賽賲丞	aaalmu3alimt	-	Duo	-
long; tall	lexeme	胤賻賵賷賱	Tawiil	-	Duo	-
lawyer; a lawyer	lexeme	賲購丨丕賲賷	muHaamii	-	Duo	-
the university; university	lexeme	丕賻賱賿噩丕賲賽毓丞	aaaljaami3t	-	Duo	-
the city	lexeme	丕賻賱賿賲賻丿賷賳丞	aaalmadiint	-	Duo	-
the professor; professor; the gentleman	lexeme	丕賻賱賿兀購爻賿鬲丕匕	aaal2austaadh	-	Duo	-
the lawyer; attorney	lexeme	丕賻賱賿賲購丨丕賲賷	aaalmuHaamii	-	Duo	-
the neighbor	lexeme	丕賻賱賿噩丕乇	aaaljaar	-	Duo	-
son	lexeme	丕賽亘賿賳	aaibn	-	Duo	-
sister	lexeme	兀購禺賿鬲	2aukht	-	Duo	-
dog	lexeme	賰賻賱賿亘	kalb	-	Duo	-
mother	lexeme	兀購賲賾	2aum	-	Duo	-
brother	lexeme	兀賻禺	2aakh	-	Duo	-
my son	lexeme	丕賽亘賿賳賷	aaibnii	-	Duo	-
my dog	lexeme	賰賻賱賿亘賷	kalbii	-	Duo	-
my brother	lexeme	兀賻禺賷	2aakhii	-	Duo	-
my mother	lexeme	兀購賲賾賷	2aumii	-	Duo	-
my sister	lexeme	兀購禺賿鬲賷	2aukhtii	-	Duo	-
my father; my dad	lexeme	兀賻亘賷	2aabii	-	Duo	-
my daughter	lexeme	亘賽賳賿鬲賷	bintii	-	Duo	-
kind	lexeme	胤賷亘	Tiib	-	Duo	-
brick	lexeme	胤賵亘	Tuub	-	Duo	-
laptop	lexeme	鬲賵亘	tuub	-	Duo	-
tired	lexeme	鬲賻毓賿亘丕賳	ta3baan	-	Duo	-
accountant	lexeme	賲購丨丕爻賽亘	muHaasib	-	Duo	-
my professor	lexeme	兀購爻賿鬲丕匕賷	2austaadhii	-	Duo	-
my house; my home	lexeme	亘賻賷賿鬲賷	baiitii	-	Duo	-
my husband	lexeme	夭賻賵賿噩賷	zauujii	-	Duo	-
my neighbor	lexeme	噩丕乇賷	jaarii	-	Duo	-
my teacher	lexeme	賲購毓賻賱賾賽賲賷	mu3alimii	-	Duo	-
your son	lexeme	丕賽亘賿賳賻賰	aaibnak	-	Duo	-
your son	lexeme	丕賽亘賿賳賽賰	aaibnik	-	Duo	-
your dog	lexeme	賰賻賱賿亘賻賰	kalbak	-	Duo	-
your dog	lexeme	賰賻賱賿亘賽賰	kalbik	-	Duo	-
your daughter	lexeme	亘賽賳賿鬲賽賰	bintik	-	Duo	-
your husband	lexeme	夭賻賵賿噩賽賰	zauujik	-	Duo	-
your daughter	lexeme	亘賽賳賿鬲賻賰	bintak	-	Duo	-
your house	lexeme	亘賻賷賿鬲賻賰	baiitak	-	Duo	-
your garage	lexeme	賰賻乇丕噩賻賰	karaajak	-	Duo	-
your neighbor	lexeme	噩丕乇賻賰	jaarak	-	Duo	-
your jacket	lexeme	噩丕賰賷鬲賻賰	jaakiitak	-	Duo	-
your house	lexeme	亘賻賷賿鬲賽賰	baiitik	-	Duo	-
your garage	lexeme	賰賻乇丕噩賽賰	karaajik	-	Duo	-
your neighbor	lexeme	噩丕乇賽賰	jaarik	-	Duo	-
your name	lexeme	丕賽爻賿賲賻賰	aaismak	-	Duo	-
your name	lexeme	丕賽爻賿賲賽賰	aaismik	-	Duo	-
my name	lexeme	丕賽爻賿賲賷	aaismii	-	Duo	-
name	lexeme	丕賽爻賿賲	aaism	-	Duo	-
what; not; what's; ma	lexeme	賲丕	maa	-	Duo	-
grandmother	lexeme	噩賻丿賾丞	jadt	-	Duo	-
Mahmoud	lexeme	賲賻丨賿賲賵丿	maHmuud	-	Duo	-
my grandfather	lexeme	噩賻丿賾賷	jadii	-	Duo	-
grandfather; a grandfather	lexeme	噩賻丿賾	jad	-	Duo	-
my grandmother	lexeme	噩賻丿賾賻鬲賷	jadatii	-	Duo	-
my wife	lexeme	夭賻賵賿噩賻鬲賷	zauujatii	-	Duo	-
wife	lexeme	夭賻賵賿噩丞	zauujt	-	Duo	-
kind; sweet; nice	lexeme	賱賻胤賷賮丞	laTiift	-	Duo	-
cat	lexeme	賯賽胤賾丞	qiTt	-	Duo	-
Lebanese	lexeme	賱購亘賿賳丕賳賽賷賾丞	lubnaaniit	-	Duo	-
your wife; your wife's	lexeme	夭賻賵賿噩賻鬲賻賰	zauujatak	-	Duo	-
your wife	lexeme	夭賻賵賿噩賻鬲賽賰	zauujatik	-	Duo	-
your grandmother	lexeme	噩賻丿賾賻鬲賻賰	jadatak	-	Duo	-
your cat	lexeme	賯賽胤賾賻鬲賻賰	qiTatak	-	Duo	-
your teacher	lexeme	賲購毓賻賱賾賽賲賻鬲賽賰	mu3alimatik	-	Duo	-
my neighbor	lexeme	噩丕乇賻鬲賷	jaaratii	-	Duo	-
your city	lexeme	賲賻丿賷賳賻鬲賻賰	madiinatak	-	Duo	-
your city	lexeme	賲賻丿賷賳賻鬲賽賰	madiinatik	-	Duo	-
neighbor	lexeme	噩丕乇丞	jaart	-	Duo	-
Ibrahim	lexeme	廿賽亘賿乇丕賴賷賲	2iibraahiim	-	Duo	-
your teacher	lexeme	賲購毓賻賱賾賽賲賻鬲賻賰	mu3alimatak	-	Duo	-
onions	lexeme	亘賻氐賻賱	baSal	-	Duo	-
scarf	lexeme	賵賽卮丕丨	wishaaH	-	Duo	-
t-shirt	lexeme	鬲賷 卮賷乇賿鬲	tii shiirt	-	Duo	-
Seth has	lexeme	毓賽賳賿丿 爻賷孬	3ind siith	-	Duo	-
skirt	lexeme	鬲賻賳賾賵乇丞	tanuurt	-	Duo	-
you have; at your house	lexeme	毓賽賳賿丿賽賰	3indik	-	Duo	-
you have; have; at your house	lexeme	毓賽賳賿丿賻賰	3indak	-	Duo	-
I have had; I have; at my house	lexeme	毓賽賳賿丿賷	3indii	-	Duo	-
coat	lexeme	賲賽毓賿胤賻賮	mi3Taf	-	Duo	-
blouse	lexeme	亘賻賱賵夭丞	baluuzt	-	Duo	-
I do not have	lexeme	賱賻賷賿爻賻 毓賽賳賿丿賷	laiisa 3indii	-	Duo	-
you do not have	lexeme	賱賻賷賿爻賻 毓賽賳賿丿賻賰	laiisa 3indak	-	Duo	-
Seth does not have	lexeme	賱賻賷賿爻賻 毓賽賳賿丿 爻賷孬	laiisa 3ind siith	-	Duo	-
Judy does not have	lexeme	賱賻賷賿爻賻 毓賽賳賿丿 噩賵丿賷	laiisa 3ind juudii	-	Duo	-
you do not have	lexeme	賱賻賷賿爻賻 毓賽賳賿丿賽賰	laiisa 3indik	-	Duo	-
blue	lexeme	兀賻夭賿乇賻賯	2aazraq	-	Duo	-
white	lexeme	亘賻賷賿囟丕亍	baiiDaa2	-	Duo	-
brown	lexeme	亘購賳賾賽賷賾丞	buniit	-	Duo	-
white	lexeme	兀賻亘賿賷賻囟	2aabiiaD	-	Duo	-
hat	lexeme	賯購亘賾賻毓丞	quba3t	-	Duo	-
brown	lexeme	亘購賳賾賽賷賾	bunii	-	Duo	-
blue	lexeme	夭賻乇賿賯丕亍	zarqaa2	-	Duo	-
spacious	lexeme	賵丕爻賽毓	waasi3	-	Duo	-
rent; renting	lexeme	廿賷噩丕乇	2iiijaar	-	Duo	-
expensive	lexeme	睾丕賱賷	ghaalii	-	Duo	-
praise be to God	lexeme	丕賻賱賿丨賻賲賿丿購 賱賽賱賴	aaalHamdu lilh	-	Duo	-
kitchen	lexeme	賲賻胤賿亘賻禺	maTbakh	-	Duo	-
bathroom; a bathroom	lexeme	丨賻賲賾丕賲	Hamaam	-	Duo	-
that; these; this; these ones	lexeme	賴侔匕丕	haadhaa	-	Duo	-
table; a table	lexeme	胤丕賵賽賱丞	Taawilt	-	Duo	-
living room; salon	lexeme	氐丕賱賵賳	Saaluun	-	Duo	-
old	lexeme	賯賻丿賷賲	qadiim	-	Duo	-
pretty; beautiful	lexeme	噩賻賲賷賱丞	jamiilt	-	Duo	-
this; that; these; those; this one	lexeme	賴侔匕賽賴賽	haadhihi	-	Duo	-
garden	lexeme	丨賻丿賷賯丞	Hadiiqt	-	Duo	-
Mohamed; Muhammad	lexeme	賲購丨賻賲賾賻丿	muHamad	-	Duo	-
the room; room	lexeme	丕賻賱賿睾購乇賿賮丞	aaalghurft	-	Duo	-
the wall	lexeme	丕賻賱賿丨丕卅賽胤	aaalHaai2iT	-	Duo	-
the dog	lexeme	丕賻賱賿賰賻賱賿亘	aaalkalb	-	Duo	-
this wall	lexeme	賴侔匕丕 丕賱賿丨丕卅賽胤	haadhaa al-Haai2iT	-	Duo	-
this building	lexeme	賴侔匕賽賴賽 丕賱賿亘賽賳丕賷丞	haadhihi al-binaaiit	-	Duo	-
this room	lexeme	賴侔匕賽賴賽 丕賱賿睾購乇賿賮丞	haadhihi al-ghurft	-	Duo	-
this dog	lexeme	賴侔匕丕 丕賱賿賰賻賱賿亘	haadhaa al-kalb	-	Duo	-
my bag	lexeme	卮賻賳賿胤賻鬲賷	shanTatii	-	Duo	-
small; younger; little	lexeme	氐賻睾賷乇	Saghiir	-	Duo	-
there; there is; there are	lexeme	賴購賳丕賰	hunaak	-	Duo	-
wallet	lexeme	賲賻丨賿賮賻馗丞	maHfa岷搕	-	Duo	-
book	lexeme	賰賽鬲丕亘	kitaab	-	Duo	-
bag; a bag	lexeme	卮賻賳賿胤丞	shanTt	-	Duo	-
short	lexeme	賯賻氐賷乇	qaSiir	-	Duo	-
cheap	lexeme	乇賻禺賷氐	rakhiiS	-	Duo	-
pen; pencil	lexeme	賯賻賱賻賲	qalam	-	Duo	-
notebook	lexeme	丿賻賮賿鬲賻乇	daftar	-	Duo	-
drink	lexeme	賲賻卮賿乇賵亘	mashruub	-	Duo	-
there is no; is not there; there are no	lexeme	賱賻賷賿爻賻 賴購賳丕賰	laiisa hunaak	-	Duo	-
CD	lexeme	爻賷 丿賷	sii dii	-	Duo	-
strawberries; berry	lexeme	鬲賵鬲	tuut	-	Duo	-
house; home	lexeme	亘賷鬲	biit	-	Duo	-
key	lexeme	賲賽賮賿鬲丕丨	miftaaH	-	Duo	-
phone; a phone	lexeme	賴丕鬲賽賮	haatif	-	Duo	-
cash; money	lexeme	賳購賯賵丿	nuquud	-	Duo	-
heavy	lexeme	孬賻賯賷賱	thaqiil	-	Duo	-
chewing gum	lexeme	毓賽賱賿賰丞	3ilkt	-	Duo	-
pencil	lexeme	賯賻賱賻賲 乇賻氐丕氐	qalam raSaaS	-	Duo	-
laptop	lexeme	賱丕亘 鬲賵亘	laab tuub	-	Duo	-
joe; atmosphere	lexeme	噩賵	juu	-	Duo	-
office; an office	lexeme	賲賻賰賿鬲賻亘	maktab	-	Duo	-
the cat's chair	lexeme	賰購乇賿爻賷 丕賱賿賯賽胤賾丞	kursii al-qiTt	-	Duo	-
computer; a computer	lexeme	丨丕爻賵亘	Haasuub	-	Duo	-
the professor's pen	lexeme	賯賻賱賻賲 丕賻賱賿兀購爻賿鬲丕匕丞	qalam aaal2austaadht	-	Duo	-
the professor's office	lexeme	賲賻賰賿鬲賻亘 丕賻賱賿兀購爻賿鬲丕匕丞	maktab aaal2austaadht	-	Duo	-
chair	lexeme	賰購乇賿爻賷	kursii	-	Duo	-
the professor's computer	lexeme	丨丕爻賵亘 丕賻賱賿兀購爻賿鬲丕匕丞	Haasuub aaal2austaadht	-	Duo	-
number; phone number	lexeme	乇賻賯賻賲	raqam	-	Duo	-
newspaper; a newspaper	lexeme	氐賻丨賷賮丞	SaHiift	-	Duo	-
phone number	lexeme	乇賻賯賻賲 賴丕鬲賽賮	raqam haatif	-	Duo	-
the engineer's room	lexeme	睾購乇賿賮丞 丕賻賱賿賲購賴賻賳賿丿賽爻	ghurft aaalmuhandis	-	Duo	-
the engineer's cat	lexeme	賯賽胤賾丞 丕賻賱賿賲購賴賻賳賿丿賽爻	qiTt aaalmuhandis	-	Duo	-
the office	lexeme	丕賻賱賿賲賻賰賿鬲賻亘	aaalmaktab	-	Duo	-
the newspaper	lexeme	丕賻賱賿氐賻賾丨賷賮丞	aaalSaHiift	-	Duo	-
the professor's office	lexeme	賲賻賰賿鬲賻亘 丕賻賱賿兀購爻賿鬲丕匕	maktab aaal2austaadh	-	Duo	-
the professor's newspaper	lexeme	氐賻丨賷賮丞 丕賻賱賿兀購爻賿鬲丕匕	SaHiift aaal2austaadh	-	Duo	-
the cat's room	lexeme	睾購乇賿賮丞 丕賻賱賿賯賽胤賾丞	ghurft aaalqiTt	-	Duo	-
the restaurant	lexeme	丕賻賱賿賲賻胤賿毓賻賲	aaalmaT3am	-	Duo	-
good; kind; OK; good-hearted	lexeme	胤賻賷賾賽亘	Taiiib	-	Duo	-
the food; eating; to eat; food	lexeme	丕賻賱賿兀賻賰賿賱	aaal2aakl	-	Duo	-
food	lexeme	兀賻賰賿賱	2aakl	-	Duo	-
but	lexeme	賱侔賰賽賳賾	laakin	-	Duo	-
Mohamed's restaurant	lexeme	賲賻胤賿毓賻賲 賲購丨賻賲賾賻丿	maT3am muHamad	-	Duo	-
restaurant	lexeme	賲賻胤賿毓賻賲	maT3am	-	Duo	-
this milk	lexeme	賴侔匕丕 丕賱賿丨賻賱賷亘	haadhaa al-Haliib	-	Duo	-
milk	lexeme	丨賻賱賷亘	Haliib	-	Duo	-
banana; a banana	lexeme	賲賵夭丞	muuzt	-	Duo	-
coffee	lexeme	賯賻賴賿賵丞	qahuut	-	Duo	-
water	lexeme	賲丕亍	maa2	-	Duo	-
this banana	lexeme	賴侔匕賽賴賽 丕賱賿賲賵夭丞	haadhihi al-muuzt	-	Duo	-
rice	lexeme	乇購夭賾	ruz	-	Duo	-
Omar's rice	lexeme	乇購夭賾 毓購賲賻乇	ruz 3umar	-	Duo	-
your rice	lexeme	乇購夭賾賻賰	ruzak	-	Duo	-
Seth's coffee	lexeme	賯賻賴賿賵賻丞 爻賷孬	qahwat siith	-	Duo	-
your coffee	lexeme	賯賻賴賿賵賻鬲賽賰	qahwatik	-	Duo	-
my coffee	lexeme	賯賻賴賿賵賻鬲賷	qahwatii	-	Duo	-
your coffee	lexeme	賯賻賴賿賵賻鬲賻賰	qahwatak	-	Duo	-
work; job; the work of	lexeme	毓賻賲賻賱	3amal	-	Duo	-
friend; a friend; friends	lexeme	氐賻丿賷賯	Sadiiq	-	Duo	-
her work	lexeme	毓賻賲賻賱賴丕	3amalhaa	-	Duo	-
his friend	lexeme	氐賻丿賷賯賴購	Sadiiqhu	-	Duo	-
her friend	lexeme	氐賻丿賷賯賴丕	Sadiiqhaa	-	Duo	-
his work	lexeme	毓賻賲賻賱賴購	3amalhu	-	Duo	-
friend; a friend; friends	lexeme	氐賻丿賷賯丞	Sadiiqt	-	Duo	-
her neighbor	lexeme	噩丕乇賻鬲賴丕	jaarathaa	-	Duo	-
his friend	lexeme	氐賻丿賷賯賻鬲賴購	Sadiiqathu	-	Duo	-
I know	lexeme	兀賻毓賿乇賽賮	2aa3rif	-	Duo	-
I do not know	lexeme	賱丕 兀賻毓賿乇賽賮	laa 2aa3rif	-	Duo	-
his neighbor	lexeme	噩丕乇賻鬲賴購	jaarathu	-	Duo	-
her friend	lexeme	氐賻丿賷賯賻鬲賴丕	Sadiiqathaa	-	Duo	-
light	lexeme	囟賻賵賿亍	Dauu2	-	Duo	-
his name	lexeme	丕賽爻賿賲賴購	aaismhu	-	Duo	-
close to	lexeme	賯賻乇賷亘 賲賽賳	qariib min	-	Duo	-
difficult; hard	lexeme	氐賻毓賿亘	Sa3b	-	Duo	-
her name	lexeme	丕賽爻賿賲賴丕	aaismhaa	-	Duo	-
his house	lexeme	亘賻賷賿鬲賴購	baiithu	-	Duo	-
her house	lexeme	亘賻賷賿鬲賴丕	baiithaa	-	Duo	-
mu	lexeme	賲賵	muu	-	Duo	-
reading; to read	lexeme	丕賻賱賿賯賽乇丕亍丞	aaalqiraa2t	-	Duo	-
writing; to write	lexeme	丕賻賱賿賰賽鬲丕亘丞	aaalkitaabt	-	Duo	-
running; to run	lexeme	丕賻賱賿噩賻乇賷	aaaljarii	-	Duo	-
like; I love; I like; I would like; love	lexeme	兀購丨賽亘賾	2auHib	-	Duo	-
I do not like; I do not love; do not like	lexeme	賱丕 兀購丨賽亘賾	laa 2auHib	-	Duo	-
too; also; else	lexeme	兀賻賷賿囟丕賸	2aaiiDaaan	-	Duo	-
to sleep; sleeping; sleep	lexeme	丕賻賱賿賳賾賻賵賿賲	aaalnauum	-	Duo	-
photography	lexeme	丕賻賱賿鬲賾賻氐賿賵賷乇	aaaltaSwiir	-	Duo	-
swimming; to swim	lexeme	丕賻賱賿爻賾賽亘丕丨丞	aaalsibaaHt	-	Duo	-
much; a lot; very much	lexeme	賰賻孬賷乇丕賸	kathiiraaan	-	Duo	-
here	lexeme	賴購賳丕	hunaa	-	Duo	-
in the morning; am; AM	lexeme	氐賻亘丕丨丕賸	SabaaHaaan	-	Duo	-
in the evening	lexeme	賲賻爻丕亍賸	masaa2an	-	Duo	-
at night	lexeme	亘賽丕賱賿賱賾賻賷賿賱	biaallaiil	-	Duo	-
to speak; talking; to talk; speaking; speak	lexeme	丕賻賱賿賰賻賱丕賲	aaalkalaam	-	Duo	-
traveling to; to travel to	lexeme	丕賻賱賿爻賾賻賮賻乇 廿賽賱賶	aaalsafar 2iilaa/	-	Duo	-
with	lexeme	賲賻毓賻	ma3a	-	Duo	-
Italy	lexeme	廿賷胤丕賱賿賷丕	2iiiTaaliiaa	-	Duo	-
about; for; of; from; on	lexeme	毓賻賳	3an	-	Duo	-
in the afternoon; this afternoon	lexeme	亘賻毓賿丿 丕賻賱賿馗賾購賴賿乇	ba3d aaal岷搖hr	-	Duo	-
that; this	lexeme	匕侔賱賽賰	dhaalik	-	Duo	-
if	lexeme	廿匕丕	2idhaa	-	Duo	-
the rain	lexeme	丕賻賱賿賲賻胤賻乇	aaalmaTar	-	Duo	-
the weather; weather	lexeme	丕賻賱賿胤賾賻賯賿爻	aaalTaqs	-	Duo	-
day; one day	lexeme	賷賻賵賿賲	iiauum	-	Duo	-
light	lexeme	禺賻賮賷賮	khafiif	-	Duo	-
spicy; hot	lexeme	丨丕乇賾	Haar	-	Duo	-
weather	lexeme	胤賻賯賿爻	Taqs	-	Duo	-
rain	lexeme	賲賻胤賻乇	maTar	-	Duo	-
sunny	lexeme	賲購卮賿賲賽爻	mushmis	-	Duo	-
humidity	lexeme	乇購胤賵亘丞	ruTuubt	-	Duo	-
high; loud	lexeme	毓丕賱賷	3aalii	-	Duo	-
rainy	lexeme	賲購賲賿胤賽乇	mumTir	-	Duo	-
today	lexeme	丕賻賱賿賷賻賵賿賲	aaaliiauum	-	Duo	-
summer	lexeme	氐賻賷賿賮	Saiif	-	Duo	-
winter	lexeme	卮賽鬲丕亍	shitaa2	-	Duo	-
I eat	lexeme	丌賰購賱	aakul	-	Duo	-
the winter; winter	lexeme	丕賻賱賿卮賾賽鬲丕亍	aaalshitaa2	-	Duo	-
the summer; summer	lexeme	丕賻賱賿氐賾賻賷賿賮	aaalSaiif	-	Duo	-
the moon; moon	lexeme	丕賻賱賿賯賻賲賻乇	aaalqamar	-	Duo	-
now	lexeme	丕賻賱丌賳	aaal2aan	-	Duo	-
the spring; spring	lexeme	丕賻賱賿乇賾賻亘賷毓	aaalrabii3	-	Duo	-
the fall	lexeme	丕賻賱賿禺賻乇賷賮	aaalkhariif	-	Duo	-
spring	lexeme	乇賻亘賷毓	rabii3	-	Duo	-
rice	lexeme	丕賻賱賿乇賾購夭賾	aaalruz	-	Duo	-
Yemen	lexeme	丕賻賱賿賷賻賲賻賳	aaaliiaman	-	Duo	-
coast	lexeme	爻丕丨賽賱	saaHil	-	Duo	-
Jordan	lexeme	丕賻賱賿兀購乇賿丿購賳	aaal2aurdun	-	Duo	-
the coast	lexeme	丕賻賱賿爻賾丕丨賽賱	aaalsaaHil	-	Duo	-
the country	lexeme	丕賻賱賿亘賻賱賻丿	aaalbalad	-	Duo	-
China	lexeme	丕賻賱賿氐賾賷賳	aaalSiin	-	Duo	-
Sudan	lexeme	丕賻賱賿爻賾賵丿丕賳	aaalsuudaan	-	Duo	-
Iraq	lexeme	丕賻賱賿毓賽乇丕賯	aaal3iraaq	-	Duo	-
historic	lexeme	鬲丕乇賷禺賽賷賾	taariikhii	-	Duo	-
diverse	lexeme	賲購鬲賻賳賻賵賾賽毓	mutanawi3	-	Duo	-
Palestine	lexeme	賮賽賱賻爻賿胤賷賳	filasTiin	-	Duo	-
place	lexeme	賲賻賰丕賳	makaan	-	Duo	-
famous	lexeme	賲賻卮賿賴賵乇	mashhuur	-	Duo	-
the table; table	lexeme	丕賻賱賿胤賾丕賵賽賱丞	aaalTaawilt	-	Duo	-
the sun	lexeme	丕賻賱賿卮賾賻賲賿爻	aaalshams	-	Duo	-
the garlic	lexeme	丕賻賱賿孬賾賵賲	aaalthuum	-	Duo	-
Khartoum	lexeme	丕賻賱賿禺賻乇胤賵賲	aaalkharTuum	-	Duo	-
mountain	lexeme	噩賻亘賻賱	jabal	-	Duo	-
Cairo	lexeme	丕賻賱賿賯丕賴賽乇丞	aaalqaahirt	-	Duo	-
the capital	lexeme	丕賻賱賿毓丕氐賽賲丞	aaal3aaSimt	-	Duo	-
Baghdad	lexeme	亘賻睾賿丿丕丿	baghdaad	-	Duo	-
capital	lexeme	毓丕氐賽賲丞	3aaSimt	-	Duo	-
Egypt	lexeme	賲賽氐賿乇	miSr	-	Duo	-
lion; a lion	lexeme	兀賻爻賻丿	2aasad	-	Duo	-
rich	lexeme	睾賻賳賽賷賾	ghanii	-	Duo	-
she has had; she has; has; had	lexeme	毓賽賳賿丿賴丕	3indhaa	-	Duo	-
she does not have	lexeme	賱賻賷賿爻賻 毓賽賳賿丿賴丕	laiisa 3indhaa	-	Duo	-
he does not have; does not have	lexeme	賱賻賷賿爻賻 毓賽賳賿丿賴購	laiisa 3indhu	-	Duo	-
he has; had; has; at his house; have	lexeme	毓賽賳賿丿賴購	3indhu	-	Duo	-
next to	lexeme	亘賽噩丕賳賽亘	bijaanib	-	Duo	-
in front of you	lexeme	兀賻賲丕賲賻賰	2aamaamak	-	Duo	-
behind you	lexeme	禺賻賱賿賮賻賰	khalfak	-	Duo	-
in front of	lexeme	兀賻賲丕賲	2aamaam	-	Duo	-
behind	lexeme	禺賻賱賿賮	khalf	-	Duo	-
behind me	lexeme	禺賻賱賿賮賷	khalfii	-	Duo	-
in front of me	lexeme	兀賻賲丕賲賷	2aamaamii	-	Duo	-
busy	lexeme	賲賻卮賿睾賵賱	mashghuul	-	Duo	-
funny	lexeme	賲購囟賿丨賽賰	muDHik	-	Duo	-
question	lexeme	爻購丐丕賱	su2uaal	-	Duo	-
wearing	lexeme	賱丕亘賽爻丞	laabist	-	Duo	-
who; who are; whose; who is	lexeme	賲賻賳	man	-	Duo	-
wearing	lexeme	賱丕亘賽爻	laabis	-	Duo	-
always	lexeme	丿丕卅賽賲丕賸	daai2imaaan	-	Duo	-
window	lexeme	卮購亘賾丕賰	shubaak	-	Duo	-
broken	lexeme	賲賻賰賿爻賵乇	maksuur	-	Duo	-
problem; a problem; problems	lexeme	賲購卮賿賰賽賱丞	mushkilt	-	Duo	-
on top of; on; over; about; for	lexeme	毓賻賱賶	3alaa/	-	Duo	-
I open	lexeme	兀賻賮賿鬲賻丨	2aaftaH	-	Duo	-
television	lexeme	鬲賽賱賿賮丕夭	tilfaaz	-	Duo	-
bed	lexeme	爻賻乇賷乇	sariir	-	Duo	-
out of order	lexeme	賲購毓賻胤賾賻賱	mu3aTal	-	Duo	-
noise	lexeme	氐賻賵賿鬲	Sauut	-	Duo	-
I enter	lexeme	兀賻丿賿禺購賱	2aadkhul	-	Duo	-
I sleep	lexeme	兀賻賳丕賲	2aanaam	-	Duo	-
street	lexeme	卮丕乇賽毓	shaari3	-	Duo	-
bedroom	lexeme	睾購乇賿賮丞 賳賻賵賿賲	ghurft nauum	-	Duo	-
because of	lexeme	亘賽爻賻亘賻亘	bisabab	-	Duo	-
the second floor	lexeme	賮賷 俦賱賿胤賾丕亘賽賯 丕賻賱賿孬賾丕賳賷	fii al-Taabiq aaalthaanii	-	Duo	-
my bedroom	lexeme	睾購乇賿賮丞 賳賻賵賿賲賷	ghurft nauumii	-	Duo	-
on the first floor	lexeme	賮賷 俦賱賿胤賾丕亘賽賯 丕賻賱賿兀賻賵賾賻賱	fii al-Taabiq aaal2aawal	-	Duo	-
I live	lexeme	兀賻爻賿賰購賳	2aaskun	-	Duo	-
4	lexeme	伽		-	Duo	-
onto; at; to; in	lexeme	廿賽賱賶	2iilaa/	-	Duo	-
3	lexeme	伲		-	Duo	-
2	lexeme	佗		-	Duo	-
0	lexeme	贍		-	Duo	-
I count	lexeme	兀賻毓購丿賾	2aa3ud	-	Duo	-
1	lexeme	佟		-	Duo	-
10	lexeme	佟贍		-	Duo	-
8	lexeme	侉		-	Duo	-
how; how to; how is; how do	lexeme	賰賻賷賿賮	kaiif	-	Duo	-
7	lexeme	侑		-	Duo	-
9	lexeme	侃		-	Duo	-
5	lexeme	佶		-	Duo	-
6	lexeme	佴		-	Duo	-
knows; you know; she knows; know	lexeme	鬲賻毓賿乇賽賮	ta3rif	-	Duo	-
all the numbers	lexeme	賰購賱賾 丕賻賱賿兀賻毓賿丿丕丿	kul aaal2aa3daad	-	Duo	-
everything	lexeme	賰購賱賾 卮賻賷賿亍	kul shaii2	-	Duo	-
in Arabic	lexeme	亘賽俦賱賿賱賾購睾丞 俦賱賿毓賻乇賻亘賽賷賾丞	billught al-3arabiit	-	Duo	-
you know; know	lexeme	鬲賻毓賿乇賽賮賷賳	ta3rifiin	-	Duo	-
you count; count	lexeme	鬲賻毓購丿賾	ta3ud	-	Duo	-
you count	lexeme	鬲賻毓購丿賾賷賳	ta3udiin	-	Duo	-
enough	lexeme	賰丕賮	kaaf	-	Duo	-
Palestinian	lexeme	賮賽賱賻爻賿胤賷賳賽賷賾丞	filasTiiniit	-	Duo	-
coastal	lexeme	爻丕丨賽賱賽賷賾	saaHilii	-	Duo	-
state	lexeme	賵賽賱丕賷丞	wilaaiit	-	Duo	-
the city of Savannah	lexeme	賲賻丿賷賳丞 爻丕賮丕賳丕	madiint saafaanaa	-	Duo	-
the state of California	lexeme	賵賽賱丕賷丞 賰丕賱賷賮賵乇賿賳賿賷丕	wilaaiit kaaliifuurniiaa	-	Duo	-
the city of Los Angeles	lexeme	賲賻丿賷賳丞 賱賵爻 兀賻賳賿噩賽賱賽爻	madiint luus 2aanjilis	-	Duo	-
the state of Georgia	lexeme	賵賽賱丕賷丞 噩賵乇賿噩賿賷丕	wilaaiit juurjiiaa	-	Duo	-
village	lexeme	賯賻乇賿賷丞	qariit	-	Duo	-
the Mediterranean Sea	lexeme	丕賻賱賿亘賻丨賿乇 丕賻賱賿兀賻亘賿賷賻囟 丕賻賱賿賲購鬲賻賵賻爻賾賽胤	aaalbaHr aaal2aabiiaD aaalmutawasiT	-	Duo	-
the suburbs	lexeme	囟賻賵丕丨賷	DawaaHii	-	Duo	-
you live; live	lexeme	鬲賻爻賿賰購賳賷賳	taskuniin	-	Duo	-
unfortunately	lexeme	賱賽賱賿兀賻爻賻賮	lil2aasaf	-	Duo	-
live; she lives; lives; you live	lexeme	鬲賻爻賿賰購賳	taskun	-	Duo	-
island	lexeme	噩賻夭賷乇丞	jaziirt	-	Duo	-
Alexandria	lexeme	丕賻賱賿廿賽爻賿賰賻賳賿丿賻乇賽賷賾丞	aaal2iiskandariit	-	Duo	-
yes	lexeme	賳賻毓賻賲	na3am	-	Duo	-
he lives; lives; living	lexeme	賷賻爻賿賰購賳	iiaskun	-	Duo	-
Damascus	lexeme	丿賽賲賻卮賿賯	dimashq	-	Duo	-
Zeina	lexeme	夭賻賷賿賳丞	zaiint	-	Duo	-
how are you	lexeme	賰賻賷賿賮賻賰	kaiifak	-	Duo	-
well; OK	lexeme	亘賽禺賻賷賿乇	bikhaiir	-	Duo	-
hello	lexeme	賲賻乇賿丨賻亘丕賸	marHabaaan	-	Duo	-
pleasure to meet you; nice to meet you	lexeme	鬲賻卮賻乇賾賻賮賿賳丕	tasharafnaa	-	Duo	-
how are you	lexeme	賰賻賷賿賮賽賰	kaiifik	-	Duo	-
sick	lexeme	賲賻乇賷囟	mariiD	-	Duo	-
sad	lexeme	丨賻夭賷賳	Haziin	-	Duo	-
God willing	lexeme	廿賽賳賿 卮丕亍賻 俦賱賱賴	2iin shaa2a al-lh	-	Duo	-
good morning to you	lexeme	氐賻亘丕丨 丕賻賱賿賳賾賵乇	SabaaH aaalnuur	-	Duo	-
good morning	lexeme	氐賻亘丕丨 丕賻賱賿禺賻賷賿乇	SabaaH aaalkhaiir	-	Duo	-
until next time	lexeme	廿賽賱賶 俦賱賿賱賾賽賯丕亍	2iilaa/ al-liqaa2	-	Duo	-
have a nice day	lexeme	賷賻賵賿賲 爻賻毓賷丿	iiauum sa3iid	-	Duo	-
excited	lexeme	賲購鬲賻丨賻賲賾賽爻	mutaHamis	-	Duo	-
sleepy	lexeme	賳賻毓賿爻丕賳	na3saan	-	Duo	-
OK	lexeme	鬲賻賲丕賲	tamaam	-	Duo	-
good evening	lexeme	賲賻爻丕亍 丕賻賱賿禺賻賷賿乇	masaa2 aaalkhaiir	-	Duo	-
alright	lexeme	賷賻賱賾丕	iialaa	-	Duo	-
goodbye	lexeme	賲賻毓賻 俦賱賿爻賾賻賱丕賲丞	ma3a al-salaamt	-	Duo	-
good evening to you; good evening to you too	lexeme	賲賻爻丕亍 丕賻賱賿賳賾賵乇	masaa2 aaalnuur	-	Duo	-
a family; family	lexeme	毓丕卅賽賱丞	3aai2ilt	-	Duo	-
peace be upon you	lexeme	丕賻賱賿爻賾賻賱丕賲購 毓賻賱賻賷賿賰購賲	aaalsalaamu 3alaiikum	-	Duo	-
news	lexeme	兀賻禺賿亘丕乇	2aakhbaar	-	Duo	-
and upon you be peace	lexeme	賵賻毓賻賱賻賷賿賰購賲購 俦賱賿爻賾賻賱丕賲	wa3alaiikumu al-salaam	-	Duo	-
student; a student; students	lexeme	胤丕賱賽亘	Taalib	-	Duo	-
now	lexeme	丕賻賱賿丌賳	aaal2aan	-	Duo	-
you study	lexeme	鬲賻丿賿乇購爻賷賳	tadrusiin	-	Duo	-
what; what's	lexeme	賲丕匕丕	maadhaa	-	Duo	-
I study	lexeme	兀賻丿賿乇購爻	2aadrus	-	Duo	-
computer science	lexeme	毓賽賱賿賲 丕賻賱賿丨丕爻賵亘	3ilm aaalHaasuub	-	Duo	-
she studies; studies; study; you study; studying	lexeme	鬲賻丿賿乇購爻	tadrus	-	Duo	-
he studies; studies; study; he has been studying	lexeme	賷賻丿賿乇購爻	iiadrus	-	Duo	-
company; a company	lexeme	卮賻乇賽賰丞	sharikt	-	Duo	-
I work; work	lexeme	兀賻毓賿賲賻賱	2aa3mal	-	Duo	-
photographer; a photographer	lexeme	賲購氐賻賵賾賽乇	muSawir	-	Duo	-
you work; she works; works; work	lexeme	鬲賻毓賿賲賻賱	ta3mal	-	Duo	-
you work	lexeme	鬲賻毓賿賲賻賱賷賳	ta3maliin	-	Duo	-
homemaker; a homemaker; as a homemaker	lexeme	乇賻亘賾丞 亘賻賷賿鬲	rabt baiit	-	Duo	-
homemaker; a homemaker	lexeme	乇賻亘賾 亘賻賷賿鬲	rab baiit	-	Duo	-
travel	lexeme	爻賻賮賻乇	safar	-	Duo	-
I want; I have been wanting; want	lexeme	兀購乇賷丿	2auriid	-	Duo	-
learning; to learn; learn	lexeme	鬲賻毓賻賱賾購賲	ta3alum	-	Duo	-
people; folks	lexeme	賳丕爻	naas	-	Duo	-
all; the whole; each; every; entire	lexeme	賰購賱賾	kul	-	Duo	-
world	lexeme	毓丕賱賻賲	3aalam	-	Duo	-
you want; wants; she wants; want	lexeme	鬲購乇賷丿	turiid	-	Duo	-
a researcher	lexeme	亘丕丨賽孬	baaHith	-	Duo	-
meeting; to meet	lexeme	丕賻賱賿鬲賾賻毓賻乇賾購賮 毓賻賱賶	aaalta3aruf 3alaa/	-	Duo	-
wants; he wants; want	lexeme	賷購乇賷丿	iiuriid	-	Duo	-
new	lexeme	噩購丿賻丿	judad	-	Duo	-
science	lexeme	毓購賱賵賲	3uluum	-	Duo	-
one o'clock	lexeme	丕賻賱賿爻賾丕毓丞 俦賱賿賵丕丨賽丿丞	aaalsaa3t al-waaHidt	-	Duo	-
two o'clock; two	lexeme	丕賻賱賿爻賾丕毓丞 俦賱賿孬賾丕賳賿賷丞	aaalsaa3t al-thaaniit	-	Duo	-
time; watch; one hour; clock; an hour; timepeace; hour; hours	lexeme	爻丕毓丞	saa3t	-	Duo	-
three o'clock; three	lexeme	丕賻賱賿爻賾丕毓丞 俦賱賿孬賾丕賱賽孬丞	aaalsaa3t al-thaalitht	-	Duo	-
after	lexeme	亘賻毓賿丿	ba3d	-	Duo	-
what time is it; what	lexeme	賰賻賲 丕賻賱賿爻賾丕毓丞	kam aaalsaa3t	-	Duo	-
five o'clock	lexeme	丕賻賱賿爻賾丕毓丞 俦賱賿禺丕賲賽爻丞	aaalsaa3t al-khaamist	-	Duo	-
half	lexeme	賳購氐賿賮	nuSf	-	Duo	-
four o'clock	lexeme	丕賻賱賿爻賾丕毓丞 俦賱賿乇賾丕亘賽毓丞	aaalsaa3t al-raabi3t	-	Duo	-
free	lexeme	賲購鬲賻賮賻乇賾賽睾	mutafarigh	-	Duo	-
six o'clock; six	lexeme	丕賻賱賿爻賾丕毓丞 俦賱賿爻賾丕丿賽爻丞	aaalsaa3t al-saadist	-	Duo	-
when	lexeme	賲賻鬲賶	mataa/	-	Duo	-
I am not; am not	lexeme	賱賻爻賿鬲購	lastu	-	Duo	-
class; a class; grade	lexeme	氐賻賮賾	Saf	-	Duo	-
seven o'clock; seven	lexeme	丕賻賱賿爻賾丕毓丞 俦賱賿爻賾丕亘賽毓丞	aaalsaa3t al-saabi3t	-	Duo	-
nine o'clock	lexeme	丕賻賱賿爻賾丕毓丞 俦賱賿鬲賾丕爻賽毓丞	aaalsaa3t al-taasi3t	-	Duo	-
eight o'clock; 8	lexeme	丕賻賱賿爻賾丕毓丞 俦賱賿孬賾丕賲賽賳丞	aaalsaa3t al-thaamint	-	Duo	-
before	lexeme	賯賻亘賿賱	qabl	-	Duo	-
appointment	lexeme	賲賻賵賿毓賽丿	mauu3id	-	Duo	-
time	lexeme	賵賻賯賿鬲	waqt	-	Duo	-
I go; go	lexeme	兀賻匕賿賴賻亘	2aadhhab	-	Duo	-
ten o'clock	lexeme	丕賻賱賿爻賾丕毓丞 俦賱賿毓丕卮賽乇丞	aaalsaa3t al-3aashirt	-	Duo	-
twelve o'clock	lexeme	丕賻賱賿爻賾丕毓丞 俦賱賿孬賾丕賳賿賷丞 毓賻卮賿乇丞	aaalsaa3t al-thaaniit 3ashrt	-	Duo	-
eleven o'clock	lexeme	丕賻賱賿爻賾丕毓丞 俦賱賿丨丕丿賿賷丞 毓賻卮賿乇丞	aaalsaa3t al-Haadiit 3ashrt	-	Duo	-
speak; I speak; I am speaking; I talk; I am talking; talk	lexeme	兀賻鬲賻賰賻賱賾賻賲	2aatakalam	-	Duo	-
need to; must; you need to	lexeme	賷賻噩賽亘 兀賻賳賿	iiajib 2aan	-	Duo	-
like; you like; you love; she loves; loves; she likes; likes	lexeme	鬲購丨賽亘賾	tuHib	-	Duo	-
a letter; letter; a message	lexeme	乇賽爻丕賱丞	risaalt	-	Duo	-
art	lexeme	賮賻賳賾	fan	-	Duo	-
like; you like; you love; would you like	lexeme	鬲購丨賽亘賾賷賳	tuHibiin	-	Duo	-
he loves; wants; he likes; he would like; likes; like	lexeme	賷購丨賽亘賾	iiuHib	-	Duo	-
weekend	lexeme	賳賽賴丕賷丞 丕賻賱賿兀購爻賿亘賵毓	nihaaiit aaal2ausbuu3	-	Duo	-
letters	lexeme	乇賻爻丕卅賽賱	rasaai2il	-	Duo	-
a lesson; lesson; lessons	lexeme	丿賻乇賿爻	dars	-	Duo	-
watching; to watch	lexeme	賲購卮丕賴賻丿丞	mushaahadt	-	Duo	-
lessons	lexeme	丿購乇賵爻	duruus	-	Duo	-
film	lexeme	賮賷賱賿賲	fiilm	-	Duo	-
a relative; close; relative	lexeme	賯賻乇賷亘	qariib	-	Duo	-
friends	lexeme	兀賻氐賿丿賽賯丕亍	2aaSdiqaa2	-	Duo	-
I visit; visit	lexeme	兀賻夭賵乇	2aazuur	-	Duo	-
he visits; visits	lexeme	賷賻夭賵乇	iiazuur	-	Duo	-
relatives	lexeme	兀賻賯丕乇賽亘	2aaqaarib	-	Duo	-
museum	lexeme	賲賻鬲賿丨賻賮	matHaf	-	Duo	-
you visit; she visits; visits; visit	lexeme	鬲賻夭賵乇	tazuur	-	Duo	-
playing; to play	lexeme	賱賻毓賿亘	la3b	-	Duo	-
languages	lexeme	賱購睾丕鬲	lughaat	-	Duo	-
more	lexeme	兀賻賰賿孬賻乇	2aakthar	-	Duo	-
soccer	lexeme	賰購乇丞 丕賻賱賿賯賻丿賻賲	kurt aaalqadam	-	Duo	-
books	lexeme	賰購鬲購亘	kutub	-	Duo	-
I drink	lexeme	兀賻卮賿乇賻亘	2aashrab	-	Duo	-
eats; he eats; eat	lexeme	賷賻兀賿賰購賱	iia2akul	-	Duo	-
falafel	lexeme	賮賻賱丕賮賽賱	falaafil	-	Duo	-
appetizers	lexeme	賲購賯賻亘賾賽賱丕鬲	muqabilaat	-	Duo	-
potatoes	lexeme	亘賻胤丕胤丕	baTaaTaa	-	Duo	-
true; correct; right	lexeme	氐賻丨賷丨	SaHiiH	-	Duo	-
tea	lexeme	卮丕賷	shaaii	-	Duo	-
bread	lexeme	禺購亘賿夭丕賸	khubzaaan	-	Duo	-
hummus; chickpeas	lexeme	丨購賲賾購氐丕賸	HumuSaaan	-	Duo	-
bread	lexeme	禺購亘賿夭	khubz	-	Duo	-
hummus	lexeme	丨購賲賾購氐	HumuS	-	Duo	-
tea	lexeme	卮丕賷丕賸	shaaiiaaan	-	Duo	-
soup	lexeme	卮賵乇賿亘丞	shuurbt	-	Duo	-
tabbouleh	lexeme	鬲賻亘賾賵賱丞	tabuult	-	Duo	-
salad	lexeme	爻賻賱賻胤丞	salaTt	-	Duo	-
juice	lexeme	毓賻氐賷乇	3aSiir	-	Duo	-
kebab	lexeme	賰賻亘丕亘丕賸	kabaabaaan	-	Duo	-
juice	lexeme	毓賻氐賷乇丕賸	3aSiiraaan	-	Duo	-
kebab	lexeme	賰賻亘丕亘	kabaab	-	Duo	-
Ramadan	lexeme	乇賻賲賻囟丕賳	ramaDaan	-	Duo	-
kibbeh	lexeme	賰賽亘賾丞	kibt	-	Duo	-
dish	lexeme	胤賻亘賻賯	Tabaq	-	Duo	-
warm	lexeme	爻丕禺賽賳丕賸	saakhinaaan	-	Duo	-
good	lexeme	胤賻賷賾賽亘丕賸	Taiiibaaan	-	Duo	-
cold	lexeme	亘丕乇賽丿丕賸	baaridaaan	-	Duo	-
dessert	lexeme	丨賻賱賿賵賶	Haluuaa/	-	Duo	-
you all want; you want; want	lexeme	鬲購乇賷丿賵賳	turiiduun	-	Duo	-
they want; want	lexeme	賷購乇賷丿賵賳	iiuriiduun	-	Duo	-
we want; want	lexeme	賳購乇賷丿	nuriid	-	Duo	-
we	lexeme	賳賻丨賿賳購	naHnu	-	Duo	-
they; are	lexeme	賴購賲	hum	-	Duo	-
you all; you	lexeme	兀賻賳賿鬲購賲	2aantum	-	Duo	-
you take; she takes; take	lexeme	鬲賻兀賿禺購匕	ta2akhudh	-	Duo	-
ticket; a ticket	lexeme	鬲賻匕賿賰賻乇丞	tadhkart	-	Duo	-
far	lexeme	亘賻毓賷丿	ba3iid	-	Duo	-
stop	lexeme	賲賻賵賿賯賽賮	mauuqif	-	Duo	-
bus	lexeme	亘丕氐	baaS	-	Duo	-
I take	lexeme	丌禺購匕	aakhudh	-	Duo	-
station	lexeme	賲賻丨賻胤賾丞	maHaTt	-	Duo	-
you all take	lexeme	鬲賻兀賿禺購匕賵賳	ta2akhudhuun	-	Duo	-
which; what; any	lexeme	兀賻賷賾丞	2aaiit	-	Duo	-
train	lexeme	賯賽胤丕乇	qiTaar	-	Duo	-
they take; take	lexeme	賷賻兀賿禺購匕賵賳	iia2akhudhuun	-	Duo	-
we make; we take; take	lexeme	賳賻兀賿禺購匕	na2akhudh	-	Duo	-
which; any	lexeme	兀賻賷賾	2aaii	-	Duo	-
I leave	lexeme	兀賻賳賿胤賻賱賽賯	2aanTaliq	-	Duo	-
they know	lexeme	賷賻毓賿乇賽賮賵賳	iia3rifuun	-	Duo	-
you all know; know	lexeme	鬲賻毓賿乇賽賮賵賳	ta3rifuun	-	Duo	-
at what time	lexeme	賮賷 兀賻賷賾丞 爻丕毓丞	fii 2aaiit saa3t	-	Duo	-
we know; know	lexeme	賳賻毓賿乇賽賮	na3rif	-	Duo	-
please	lexeme	賲賽賳 賮賻囟賿賱賻賰	min faDlak	-	Duo	-
please	lexeme	賲賽賳 賮賻囟賿賱賽賰	min faDlik	-	Duo	-
I buy; buy	lexeme	兀賻卮賿鬲賻乇賷	2aashtarii	-	Duo	-
market	lexeme	爻賵賯	suuq	-	Duo	-
fresh	lexeme	胤丕夭賽噩	Taazij	-	Duo	-
you buy; buy	lexeme	鬲賻卮賿鬲賻乇賷賳	tashtariin	-	Duo	-
because	lexeme	賱賽兀賻賳賾賻	li2aana	-	Duo	-
same	lexeme	賳賻賮賿爻	nafs	-	Duo	-
vegetables	lexeme	禺購囟賿乇丕賵丕鬲	khuDraawaat	-	Duo	-
healthy	lexeme	氐賽丨賾賽賷賾	SiHii	-	Duo	-
fruit	lexeme	賮丕賰賽賴丞	faakiht	-	Duo	-
a lot of; a lot; many	lexeme	賰賻孬賷乇	kathiir	-	Duo	-
I prefer; prefer	lexeme	兀購賮賻囟賾賽賱	2aufaDil	-	Duo	-
because it; because he	lexeme	賱賽兀賻賳賾賻賴購	li2aanahu	-	Duo	-
because it; because she; because they	lexeme	賱賽兀賻賳賾賻賴丕	li2aanahaa	-	Duo	-
because I; because I am	lexeme	賱賽兀賻賳賾賻賳賷	li2aananii	-	Duo	-
tomatoes; some tomatoes	lexeme	亘賻賳賻丿賵乇丞	banaduurt	-	Duo	-
carrots	lexeme	噩賻夭賻乇	jazar	-	Duo	-
squash	lexeme	賰賵爻丕	kuusaa	-	Duo	-
because you	lexeme	賱賽兀賻賳賾賽賰	li2aanik	-	Duo	-
because you	lexeme	賱賽兀賻賳賾賻賰	li2aanak	-	Duo	-
why	lexeme	賱賽賲丕匕丕	limaadhaa	-	Duo	-
okra	lexeme	亘丕賲賿賷丕	baamiiaa	-	Duo	-
morning	lexeme	氐賻亘丕丨	SabaaH	-	Duo	-
cake	lexeme	賰賻毓賿賰	ka3k	-	Duo	-
usually	lexeme	毓丕丿丞賸	3aadtan	-	Duo	-
you speak; she speaks; talk; you are talking	lexeme	鬲賻鬲賻賰賻賱賾賻賲	tatakalam	-	Duo	-
I will speak; I will talk	lexeme	爻賻兀賻鬲賻賰賻賱賾賻賲	sa2aatakalam	-	Duo	-
with you	lexeme	賲賻毓賽賰	ma3ik	-	Duo	-
I will go	lexeme	爻賻兀賻匕賿賴賻亘	sa2aadhhab	-	Duo	-
you go; she goes; go	lexeme	鬲賻匕賿賴賻亘	tadhhab	-	Duo	-
on the phone	lexeme	亘賽俦賱賿賴丕鬲賽賮	bilhaatif	-	Duo	-
soon; close	lexeme	賯賻乇賷亘丕賸	qariibaaan	-	Duo	-
here; there; present	lexeme	賲賻賵賿噩賵丿	mauujuud	-	Duo	-
with her	lexeme	賲賻毓賻賴丕	ma3ahaa	-	Duo	-
with him; with	lexeme	賲賻毓賻賴購	ma3ahu	-	Duo	-
who is this	lexeme	賲賻賳 賲賻毓賷	man ma3ii	-	Duo	-
with me	lexeme	賲賻毓賷	ma3ii	-	Duo	-
hello	lexeme	兀賻賱賵	2aaluu	-	Duo	-
can	lexeme	賲賽賳 丕賻賱賿賲購賲賿賰賽賳 兀賻賳賿	min aaalmumkin 2aan	-	Duo	-
sorry	lexeme	丌爻賽賮	aasif	-	Duo	-
he returns	lexeme	賷賻毓賵丿	iia3uud	-	Duo	-
I call; call	lexeme	兀賻鬲賾賻氐賽賱	2aataSil	-	Duo	-
I will call	lexeme	爻賻兀賻鬲賾賻氐賽賱	sa2aataSil	-	Duo	-
he will return	lexeme	爻賻賷賻毓賵丿	saiia3uud	-	Duo	-
is not; not	lexeme	賱賻賷賿爻賻鬲	laiisat	-	Duo	-
is not; not; no	lexeme	賱賻賷賿爻賻	laiisa	-	Duo	-
later	lexeme	賱丕丨賽賯丕賸	laaHiqaaan	-	Duo	-
colleague; acquaintance; classmate	lexeme	夭賻賲賷賱	zamiil	-	Duo	-
a month; month	lexeme	卮賻賴賿乇	shahr	-	Duo	-
one moment; moment	lexeme	賱賻丨賿馗丞	laH岷搕	-	Duo	-
wrong	lexeme	睾賻賱賻胤	ghalaT	-	Duo	-
week	lexeme	兀購爻賿亘賵毓	2ausbuu3	-	Duo	-
aunt	lexeme	禺丕賱丞	khaalt	-	Duo	-
I hate	lexeme	兀賻賰賿乇賻賴	2aakrah	-	Duo	-
means; mean	lexeme	賷賻毓賿賳賷	iia3nii	-	Duo	-
at all; never	lexeme	兀賻亘賻丿丕賸	2aabadaaan	-	Duo	-
there	lexeme	賴丕	haa	-	Duo	-
sensitive	lexeme	丨賻爻賾丕爻	Hasaas	-	Duo	-
married; have been married	lexeme	賲購鬲賻夭賻賵賾賽噩	mutazawij	-	Duo	-
annoying	lexeme	賲購夭賿毓賽噩	muz3ij	-	Duo	-
brother	lexeme	兀賻禺賵	2aakhuu	-	Duo	-
uncle	lexeme	毓賻賲賾	3am	-	Duo	-
boring	lexeme	賲購賲賽賱賾	mumil	-	Duo	-
judge; a judge	lexeme	賯丕囟賷	qaaDii	-	Duo	-
a soldier	lexeme	噩購賳賿丿賽賷賾	jundii	-	Duo	-
divorced	lexeme	賲購胤賻賱賾賻賯	muTalaq	-	Duo	-
cousin	lexeme	亘賽賳賿鬲 毓賻賲賾	bint 3am	-	Duo	-
like	lexeme	賲賽孬賿賱	mithl	-	Duo	-
hair	lexeme	卮賻毓賿乇	sha3r	-	Duo	-
an employee; employee	lexeme	賲購賵賻馗賾賻賮	mwa岷揳f	-	Duo	-
ugly	lexeme	賯賻亘賷丨	qabiiH	-	Duo	-
cultured	lexeme	賲購孬賻賯賾賻賮	muthaqaf	-	Duo	-
Mounira	lexeme	賲購賳賷乇丞	muniirt	-	Duo	-
school	lexeme	賲賻丿賿乇賻爻丞	madrast	-	Duo	-
no one; none	lexeme	賱丕 兀賻丨賻丿	laa 2aaHad	-	Duo	-
noise	lexeme	囟賻噩賾丞	Dajt	-	Duo	-
reservation	lexeme	丨賻噩賿夭	Hajz	-	Duo	-
we have; at our house; we; our	lexeme	毓賽賳賿丿賳丕	3indnaa	-	Duo	-
hallway	lexeme	賲賻賲賻乇賾	mamar	-	Duo	-
hotel	lexeme	賮購賳賿丿購賯	funduq	-	Duo	-
they have; have	lexeme	毓賽賳賿丿賴購賲	3indhum	-	Duo	-
you have; you all have; your	lexeme	毓賽賳賿丿賰購賲	3indkum	-	Duo	-
a gym; gym	lexeme	氐丕賱丞 乇賽賷丕囟賽賷賾丞	Saalt riiaaDiit	-	Duo	-
forbidden	lexeme	賲賻賲賿賳賵毓	mamnuu3	-	Duo	-
sleeves	lexeme	賰購賲	kum	-	Duo	-
swimming pool	lexeme	賲賻爻賿亘賻丨	masbaH	-	Duo	-
dirty	lexeme	賵賻爻賽禺	wasikh	-	Duo	-
clean	lexeme	賳賻馗賷賮	na岷搃if	-	Duo	-
I rest; I relax	lexeme	兀賻乇賿鬲丕丨	2aartaaH	-	Duo	-
a balcony	lexeme	卮購乇賿賮丞	shurft	-	Duo	-
sheets	lexeme	賲購賱丕亍丕鬲	mulaa2aat	-	Duo	-
towels	lexeme	賮購賵賻胤	fwaT	-	Duo	-
mouse	lexeme	賮賻兀賿乇	fa2ar	-	Duo	-
she sleeps; you sleep; sleeps	lexeme	鬲賻賳丕賲	tanaam	-	Duo	-
you come	lexeme	鬲賻噩賷卅賷賳	tajiii2iin	-	Duo	-
year; a year; years; one year	lexeme	爻賻賳丞	sant	-	Duo	-
I come; come	lexeme	兀賻噩賷亍	2aajii2	-	Duo	-
again	lexeme	賲賻乇賾丞 兀購禺賿乇賶	mart 2aukhraa/	-	Duo	-
good; well	lexeme	噩賻賷賾賽丿丕賸	jaiiidaaan	-	Duo	-
only	lexeme	賮賻賯賻胤	faqaT	-	Duo	-
doctor	lexeme	胤賻亘賷亘	Tabiib	-	Duo	-
I feel; I have been feeling	lexeme	兀賻卮賿毓購乇	2aash3ur	-	Duo	-
break	lexeme	丕賽爻賿鬲賽乇丕丨丞	aaistiraaHt	-	Duo	-
what is wrong	lexeme	賲丕 亘賽賰賻	maa bika	-	Duo	-
what is wrong	lexeme	賲丕 亘賽賰賽	maa biki	-	Duo	-
that; to	lexeme	兀賻賳賿	2aan	-	Duo	-
strong	lexeme	賯賻賵賽賷賾	qawii	-	Duo	-
they relax; they rest; rest; relax	lexeme	賷賻乇賿鬲丕丨賵丕	iiartaaHwaa	-	Duo	-
you rest; rest	lexeme	鬲賻乇賿鬲丕丨賵丕	tartaaHwaa	-	Duo	-
you rest; rest	lexeme	鬲賻乇賿鬲丕丨賷	tartaaHii	-	Duo	-
fever; a fever	lexeme	丨賻乇丕乇丞	Haraart	-	Duo	-
pain	lexeme	兀賻賱賻賲	2aalam	-	Duo	-
headache; a headache	lexeme	氐購丿丕毓	Sudaa3	-	Duo	-
mouth	lexeme	賮賻賲	fam	-	Duo	-
open	lexeme	丕賽賮賿鬲賻丨賷	aaiftaHii	-	Duo	-
for; since; ago	lexeme	賲購賳賿匕購	mundhu	-	Duo	-
open	lexeme	丕賽賮賿鬲賻丨	aaiftaH	-	Duo	-
yesterday	lexeme	兀賻賲賿爻	2aams	-	Duo	-
thank you	lexeme	丕賻賱賱賴 賷購爻賻賱賾賽賲賽賰	aaallh iiusalimik	-	Duo	-
get better	lexeme	爻賻賱丕賲鬲賻賰	salaamtak	-	Duo	-
eye	lexeme	毓賻賷賿賳	3aiin	-	Duo	-
get better	lexeme	爻賻賱丕賲鬲賽賰	salaamtik	-	Duo	-
thank you	lexeme	丕賻賱賱賴 賷購爻賻賱賾賽賲賻賰	aaallh iiusalimak	-	Duo	-
hand	lexeme	賷賻丿	iiad	-	Duo	-
a price; price	lexeme	爻賽毓賿乇	si3r	-	Duo	-
vendor	lexeme	亘丕卅賽毓	baai2i3	-	Duo	-
you give	lexeme	鬲購毓賿胤賷賳	tu3Tiin	-	Duo	-
come	lexeme	鬲賻毓丕賱賷	ta3aalii	-	Duo	-
come	lexeme	鬲賻毓丕賱賵丕	ta3aalwaa	-	Duo	-
come	lexeme	鬲賻毓丕賱賻	ta3aala	-	Duo	-
smell; small	lexeme	乇丕卅賽丨丞	raai2iHt	-	Duo	-
soap; soaps	lexeme	氐丕亘賵賳	Saabuun	-	Duo	-
guys	lexeme	卮賻亘丕亘	shabaab	-	Duo	-
shampoo	lexeme	卮丕賲賿亘賵	shaambuu	-	Duo	-
give me	lexeme	兀賻毓賿胤賵賳賷	2aa3Tuunii	-	Duo	-
give me	lexeme	兀賻毓賿胤賽賳賷	2aa3Tinii	-	Duo	-
give me	lexeme	兀賻毓賿胤賷賳賷	2aa3Tiinii	-	Duo	-
they give; give	lexeme	賷購毓賿胤賵賳	iiu3Tuun	-	Duo	-
toothbrush; a toothbrush	lexeme	賮購乇賿卮丕丞 兀賻爻賿賳丕賳	furshaat 2aasnaan	-	Duo	-
toothpaste	lexeme	賲賻毓賿噩賵賳 兀賻爻賿賳丕賳	ma3juun 2aasnaan	-	Duo	-
time; once; times	lexeme	賲賻乇賾丞	mart	-	Duo	-
go ahead; come in; here you go	lexeme	鬲賻賮賻囟賾賻賱	tafaDal	-	Duo	-
here you go; here; go ahead	lexeme	鬲賻賮賻囟賾賻賱賷	tafaDalii	-	Duo	-
here you go; come on in	lexeme	鬲賻賮賻囟賾賻賱賵丕	tafaDalwaa	-	Duo	-
one	lexeme	賵丕丨賽丿	waaHid	-	Duo	-
a dinar; dinars	lexeme	丿賷賳丕乇	diinaar	-	Duo	-
dinar	lexeme	丿賻賳丕賳賷乇	danaaniir	-	Duo	-
kilo	lexeme	賰賷賱賵	kiiluu	-	Duo	-
how much	lexeme	亘賽賰賻賲	bikam	-	Duo	-
she is; they are; you are; are; is	lexeme	鬲賻賰賵賳	takuun	-	Duo	-
you are	lexeme	鬲賻賰賵賳賵丕	takuunwaa	-	Duo	-
a life; life	lexeme	丨賻賷丕丞	Haiiaat	-	Duo	-
you are; be	lexeme	鬲賻賰賵賳賷	takuunii	-	Duo	-
I am	lexeme	兀賻賰賵賳	2aakuun	-	Duo	-
richer	lexeme	兀賻睾賿賳賶	2aaghnaa/	-	Duo	-
I will become	lexeme	爻賻兀購氐賿亘賽丨	sa2auSbiH	-	Duo	-
you become; become	lexeme	鬲購氐賿亘賽丨賵丕	tuSbiHwaa	-	Duo	-
manager; director	lexeme	賲購丿賷乇	mudiir	-	Duo	-
I become	lexeme	兀購氐賿亘賽丨	2auSbiH	-	Duo	-
future	lexeme	賲購爻賿鬲賻賯賿亘賻賱	mustaqbal	-	Duo	-
you become	lexeme	鬲購氐賿亘賽丨賷	tuSbiHii	-	Duo	-
a profession	lexeme	賲賽賴賿賳丞	mihnt	-	Duo	-
poor	lexeme	賮賻賯賷乇	faqiir	-	Duo	-
other; another; different; else	lexeme	丌禺賻乇	aakhar	-	Duo	-
poorer	lexeme	兀賻賮賿賯賻乇	2aafqar	-	Duo	-
different; other; another	lexeme	兀購禺賿乇賶	2aukhraa/	-	Duo	-
different	lexeme	賲購禺賿鬲賻賱賽賮	mukhtalif	-	Duo	-
easier	lexeme	兀賻爻賿賴賻賱	2aashal	-	Duo	-
factory	lexeme	賲賻氐賿賳賻毓	maSna3	-	Duo	-
more difficult	lexeme	兀賻氐賿毓賻亘	2aaS3ab	-	Duo	-
you wake up	lexeme	鬲賻氐賿丨賷賳	taSHiin	-	Duo	-
you wake up	lexeme	鬲賻氐賿丨賵賳	taSHuun	-	Duo	-
I understand; understand	lexeme	兀賻賮賿賴賻賲	2aafham	-	Duo	-
I wake up	lexeme	兀賻氐賿丨賵	2aaSHuu	-	Duo	-
early	lexeme	賲購亘賻賰賾賽乇丕賸	mubakiraaan	-	Duo	-
quickly	lexeme	亘賽爻購乇賿毓丞	bisur3t	-	Duo	-
breakfast	lexeme	賮購胤賵乇	fuTuur	-	Duo	-
eat; have; I eat	lexeme	兀賻鬲賻賳丕賵賻賱	2aatanaawal	-	Duo	-
ready	lexeme	噩丕賴賽夭	jaahiz	-	Duo	-
I get dressed	lexeme	兀賻賱賿亘賻爻	2aalbas	-	Duo	-
I brush	lexeme	兀購賮賻乇賾賽卮	2aufarish	-	Duo	-
teeth	lexeme	兀賻爻賿賳丕賳	2aasnaan	-	Duo	-
sometimes	lexeme	兀賻丨賿賷丕賳丕賸	2aaHiiaanaaan	-	Duo	-
you are not	lexeme	賱賻爻賿鬲賻	lasta	-	Duo	-
I write	lexeme	兀賻賰賿鬲購亘	2aaktub	-	Duo	-
lunch	lexeme	睾賻丿丕亍	ghadaa2	-	Duo	-
dinner	lexeme	毓賻卮丕亍	3ashaa2	-	Duo	-
together	lexeme	賲賻毓丕賸	ma3aaan	-	Duo	-
late	lexeme	賮賷 爻丕毓丞 賲購鬲賻兀賻禺賾賽乇丞	fii saa3t muta2aakhirt	-	Duo	-
I watch	lexeme	兀購卮丕賴賽丿	2aushaahid	-	Duo	-
I read	lexeme	兀賻賯賿乇賻兀	2aaqra2a	-	Duo	-
I listen	lexeme	兀賻爻賿鬲賻賲賽毓	2aastami3	-	Duo	-
I shower	lexeme	兀賻爻賿鬲賻丨賽賲賾	2aastaHim	-	Duo	-
or	lexeme	兀賻賵	2aauu	-	Duo	-
music	lexeme	賲賵爻賷賯賶	muusiiqaa/	-	Duo	-
a jacket; jacket	lexeme	爻購鬲賿乇丞	sutrt	-	Duo	-
I help	lexeme	兀購爻丕毓賽丿	2ausaa3id	-	Duo	-
I need	lexeme	兀賻丨賿鬲丕噩 廿賽賱賶	2aaHtaaj 2iilaa/	-	Duo	-
shirt	lexeme	賯賻賲賷氐	qamiiS	-	Duo	-
of course	lexeme	胤賻亘賿毓丕賸	Tab3aaan	-	Duo	-
belt	lexeme	丨賽夭丕賲	Hizaam	-	Duo	-
color	lexeme	賱賻賵賿賳	lauun	-	Duo	-
pink	lexeme	賵賻乇賿丿賽賷賾	wardii	-	Duo	-
Laila	lexeme	賱賻賷賿賱賶	laiilaa/	-	Duo	-
cotton; a pair of pants; pants	lexeme	亘賽賳賿胤丕賱	binTaal	-	Duo	-
a pair of shoes; shoes	lexeme	丨賽匕丕亍	Hidhaa2	-	Duo	-
exactly	lexeme	亘賽俦賱賿囟賾賻亘賿胤	bilDabT	-	Duo	-
sleeves	lexeme	賰購賲賾	kum	-	Duo	-
wool	lexeme	氐賵賮	Suuf	-	Duo	-
glasses	lexeme	賳賻馗賾丕乇丕鬲	na岷揳araat	-	Duo	-
socks	lexeme	噩賻賵丕乇賽亘	jawaarib	-	Duo	-
clothes	lexeme	賲賻賱丕亘賽爻	malaabis	-	Duo	-
gloves	lexeme	賯購賮賾丕夭丕鬲	qufaazaat	-	Duo	-
a suit	lexeme	亘賻丿賿賱丞	badlt	-	Duo	-
shirts	lexeme	賯購賲賿氐丕賳	qumSaan	-	Duo	-
coats	lexeme	賲賻毓丕胤賽賮	ma3aaTif	-	Duo	-
dress	lexeme	賮購爻賿鬲丕賳	fustaan	-	Duo	-
suits	lexeme	亘賻丿賻賱丕鬲	badalaat	-	Duo	-
dresses	lexeme	賮賻爻丕鬲賷賳	fasaatiin	-	Duo	-
enough	lexeme	賰丕賮賷	kaafii	-	Duo	-
I plan; I am planning	lexeme	兀購禺賻胤賾賽胤	2aukhaTiT	-	Duo	-
trip; a trip	lexeme	乇賽丨賿賱丞	riHlt	-	Duo	-
Asia	lexeme	丌爻賿賷丕	aasiiaa	-	Duo	-
Europe	lexeme	兀賵乇賵亘賾丕	2auuruubaa	-	Duo	-
a passport; passport	lexeme	噩賻賵丕夭 爻賻賮賻乇	jawaaz safar	-	Duo	-
I see; see	lexeme	兀賻乇賶	2aaraa/	-	Duo	-
I travel; travel	lexeme	兀購爻丕賮賽乇	2ausaafir	-	Duo	-
obtain	lexeme	兀賻丨賿氐購賱	2aaHSul	-	Duo	-
will not	lexeme	賱賻賳賿	lan	-	Duo	-
countries	lexeme	亘賽賱丕丿	bilaad	-	Duo	-
find; I find	lexeme	兀賻噩賽丿	2aajid	-	Duo	-
awesome; stunning	lexeme	乇丕卅賽毓	raai2i3	-	Duo	-
an apartment; apartment; apartments	lexeme	卮賻賯賾丞	shaqt	-	Duo	-
houses	lexeme	亘購賷賵鬲	buiiuut	-	Duo	-
views	lexeme	賲賻賳丕馗賽乇	manaa岷搃r	-	Duo	-
Malta	lexeme	賲丕賱賿胤丕	maalTaa	-	Duo	-
activities	lexeme	兀賻賳賿卮賽胤丞	2aanshiTt	-	Duo	-
I hope	lexeme	兀賻鬲賻賲賻賳賾賶	2aatamanaa/	-	Duo	-
activity; activities	lexeme	賳賻卮丕胤	nashaaT	-	Duo	-
idea	lexeme	賮賽賰賿乇丞	fikrt	-	Duo	-
sites	lexeme	賲賻賵丕賯賽毓	mawaaqi3	-	Duo	-
site	lexeme	賲賻賵賿賯賽毓	mauuqi3	-	Duo	-